entidad,municipio,cabecera,lat,lon,poblacion_total,poblacion_femenina,poblacion_masculina,pob_0_14,pob_15_64,pob_65_mas,grado_escolaridad,pea,pob_lengua_indigena,viviendas_totales,promedio_ocupantes_vivienda,pob_sin_afiliacion_salud
Aguascalientes,Aguascalientes,Aguascalientes,21.87982,-102.29605,948990,486917,462073,240583,639532,67941,10.84,486675,1839,313256,3.54,173199
Aguascalientes,Asientos,Villa Juárez,22.09556,-102.07079,51536,26275,25261,16266,31919,3331,8.54,21440,22,15353,4.1,7590
Aguascalientes,Calvillo,Calvillo,21.84691,-102.71875,58250,29687,28563,16720,35854,5641,8.05,25976,76,20842,3.74,11832
Aguascalientes,Cosío,Cosío,22.36641,-102.30004,17000,8708,8292,5183,10699,1118,9.08,7010,7,4845,4.32,2347
Aguascalientes,El Llano,Palo Alto,21.91887,-101.96531,20853,10407,10446,6249,13211,1392,8.49,8668,13,6598,3.91,4387
Aguascalientes,Jesús María,Jesús María,21.96127,-102.34342,129929,65710,64219,38303,84949,6538,10.22,65839,158,41550,3.91,27299
Aguascalientes,Pabellón de Arteaga,Pabellón de Arteaga,22.1492,-102.27654,47646,24269,23377,14140,30491,2977,9.77,22097,52,13541,4.15,8858
Aguascalientes,Rincón de Romos,Rincón de Romos,22.22923,-102.32307,57369,29268,28101,17703,35926,3579,9.6,26694,213,16527,4.22,11395
Aguascalientes,San Francisco de los Romo,San Francisco de los Romo,22.07239,-102.27268,61997,31292,30705,20157,39408,2306,9.21,29512,120,21458,3.78,10574
Aguascalientes,San José de Gracia,San José de Gracia,22.15022,-102.41563,9552,5020,4532,3033,5838,681,9.24,3834,21,3410,4.01,1249
Aguascalientes,Tepezalá,Tepezalá,22.22423,-102.16697,22485,11371,11114,6858,14007,1566,8.56,9185,18,6592,4.14,3358
Baja California,Ensenada,Ensenada,31.80894,-116.59513,443807,222500,221307,103674,304500,35220,10.34,231560,11753,171203,3.15,77808
Baja California,Mexicali,Mexicali,32.64118,-115.47558,1049792,520544,529248,234367,734081,80587,10.53,548784,5920,385642,3.16,190666
Baja California,Playas de Rosarito,Playas de Rosarito,32.36368,-117.05446,126890,62504,64386,29326,87401,9530,9.58,67128,1189,49770,3.31,35648
Baja California,San Quintín,Lázaro Cárdenas,30.52598,-115.93195,117568,57790,59778,36132,76391,4961,7.83,59205,17250,40899,3.57,31154
Baja California,Tecate,Tecate,32.57268,-116.62655,108440,51310,57130,25657,74969,7576,9.79,52804,690,42401,3.3,19715
Baja California,Tijuana,Tijuana,32.53246,-117.01891,1922523,953783,968740,449147,1359876,107406,10.18,1051417,12328,636034,3.31,481326
Baja California Sur,Comondú,Ciudad Constitución,25.03464,-111.67334,73021,36217,36804,17812,48719,6449,9.27,35847,845,27446,3.26,8554
Baja California Sur,La Paz,La Paz,24.14874,-110.30659,292241,146438,145803,64197,203031,24109,11.07,154830,3183,116231,3.18,41161
Baja California Sur,Loreto,Loreto,26.01278,-111.34333,18052,8795,9257,4532,12212,1286,9.99,9069,206,7810,3.18,2378
Baja California Sur,Los Cabos,Cabo San Lucas,22.89702,-109.92519,351111,170167,180944,93513,242624,12209,10.17,194484,6348,121645,3.44,67586
Baja California Sur,Mulegé,Santa Rosalía,27.33687,-112.26827,64022,30951,33071,16999,42453,4460,9.13,33050,2999,26741,3.24,9591
Campeche,Calakmul,Xpujil,18.50537,-89.39728,31714,15613,16101,11278,18621,1804,7.43,15391,7562,10343,3.95,7855
Campeche,Calkiní,Calkiní,20.37123,-90.05074,59232,30062,29170,15423,38406,5311,9.4,30100,26816,19433,3.87,10632
Campeche,Campeche,San Francisco de Campeche,19.84481,-90.53965,294077,152522,141555,67071,201182,25297,10.72,149442,13151,101576,3.44,57005
Campeche,Candelaria,Candelaria,18.18345,-91.04629,46913,23239,23674,15039,28478,3314,7.25,23643,2842,17817,3.53,15220
Campeche,Carmen,Ciudad del Carmen,18.63779,-91.83645,248845,125802,123043,60958,169105,15332,10.26,125297,3541,88379,3.44,57600
Campeche,Champotón,Champotón,19.35622,-90.72389,78170,39140,39030,22355,49988,5779,8.12,37660,6699,26787,3.64,18824
Campeche,Escárcega,Escárcega,18.60431,-90.732,59923,30455,29468,18061,37749,4090,8.18,29123,3177,22289,3.56,13457
Campeche,Hecelchakán,Hecelchakán,20.17697,-90.13452,31917,16204,15713,8551,20759,2607,9.27,15272,10969,10058,3.85,7095
Campeche,Hopelchén,Hopelchén,19.74555,-89.84504,42140,20812,21328,13067,25858,3155,7.5,20160,14561,12573,4.11,9503
Campeche,Palizada,Palizada,18.2536,-92.0909,8683,4260,4423,2442,5379,862,8.46,3919,67,3349,3.41,1231
Campeche,Seybaplaya,Seybaplaya,19.6392,-90.6883,15297,7660,7637,3753,10182,1361,9,6775,437,5109,3.58,2757
Campeche,Tenabo,Tenabo,20.03968,-90.22576,11452,5655,5797,3120,7406,926,8.75,5825,1979,3921,3.74,2125
Chiapas,Acacoyagua,Acacoyagua,15.34097,-92.67462,17994,8997,8997,6112,10572,1310,7.12,7954,45,5459,4.08,6089
Chiapas,Acala,Acala,16.55167,-92.80751,21187,10773,10414,6404,13153,1630,7.26,9515,1593,7179,3.9,7273
Chiapas,Acapetahua,Acapetahua,15.28284,-92.68913,26899,13714,13185,7977,16522,2397,7.15,12479,34,9482,3.53,10790
Chiapas,Aldama,Aldama,16.91782,-92.68819,8480,4440,4040,3758,4472,250,5.79,2368,7731,1939,5.13,1180
Chiapas,Altamirano,Altamirano,16.73592,-92.03859,36160,18128,18032,12608,21086,1563,6.05,15018,20677,10020,4.53,8569
Chiapas,Amatenango de la Frontera,El Pacayal,15.59804,-92.04134,31735,16307,15428,10600,18756,2376,6.55,12578,545,9806,4.19,7027
Chiapas,Amatenango del Valle,Amatenango del Valle,16.5285,-92.43549,11283,5910,5373,3989,6718,576,5.15,4453,7514,2919,4.41,2998
Chiapas,Amatán,Amatán,17.37285,-92.81912,24512,12184,12328,8828,14415,1269,6.58,10610,6031,6597,4.32,7257
Chiapas,Angel Albino Corzo,Jaltenango de la Paz (Ángel Albino Corzo),15.87264,-92.72508,31947,16042,15905,10662,19357,1928,6.66,14689,972,9702,4.37,8639
Chiapas,Arriaga,Arriaga,16.23606,-93.89947,41135,21181,19954,10562,26233,4340,8.45,20978,193,15702,3.32,16554
Chiapas,Bejucal de Ocampo,Ojo de Agua Centro,15.49764,-92.173,7365,3713,3652,2582,4236,547,6.49,2897,18,1962,4.7,1524
Chiapas,Bella Vista,Bella Vista,15.583,-92.24485,20157,10155,10002,6786,11768,1603,6.84,9362,129,6160,4.46,2559
Chiapas,Benemérito de las Américas,Benemérito de las Américas,16.51583,-90.6533,23603,11789,11814,8857,13698,1015,6.6,10269,5448,6950,4.29,11706
Chiapas,Berriozábal,Berriozábal,16.80032,-93.27327,64632,32718,31914,20377,40864,3388,8.1,30644,2441,23549,3.98,27606
Chiapas,Bochil,Bochil,16.99638,-92.89022,37263,19055,18208,13125,20022,1500,7.46,14619,15165,10230,4.4,10474
Chiapas,Cacahoatán,Cacahoatán,14.98979,-92.16811,50112,25685,24427,15538,30585,3989,8.26,22344,1314,15017,4.11,21579
Chiapas,Capitán Luis Ángel Vidal,Capitán Luis Ángel Vidal,15.60113,-92.6291,4315,2041,2274,1514,2584,217,6.32,1516,12,1045,5.36,387
Chiapas,Catazajá,Catazajá,17.72832,-92.01637,17619,8737,8882,4577,11073,1969,7.54,7650,464,5888,3.65,6936
Chiapas,Chalchihuitán,Chiquinshulum,17.07288,-92.59879,21915,11042,10873,9964,11381,566,4.91,5969,19496,7135,4.55,5438
Chiapas,Chamula,Chamula,16.7875,-92.68917,101967,55019,46948,40999,56336,4630,4.37,31150,92158,29553,4.5,19556
Chiapas,Chanal,Chanal,16.66006,-92.25994,13678,6944,6734,6617,6496,564,6.33,3156,12088,3046,6.23,1894
Chiapas,Chapultenango,Chapultenango,17.3404,-93.13008,7472,3737,3735,2441,4471,560,7.69,2520,5563,2094,4.28,1396
Chiapas,Chenalhó,Chenalhó,16.89428,-92.62615,47371,24177,23194,19416,26453,1499,4.89,12290,42234,11570,4.98,9628
Chiapas,Chiapa de Corzo,Chiapa de Corzo,16.70796,-93.01596,112075,56909,55166,31734,72958,6999,8.9,52079,4139,39208,3.77,47452
Chiapas,Chiapilla,Chiapilla,16.57049,-92.72003,6156,3050,3106,1656,4012,488,6.14,2457,173,2089,3.78,1458
Chiapas,Chicoasén,Chicoasén,16.96725,-93.10523,5402,2701,2701,1657,3339,406,7.37,1836,420,1972,3.66,2095
Chiapas,Chicomuselo,Chicomuselo,15.74494,-92.28329,36785,18646,18139,12102,22189,2494,6.3,14768,263,11400,4.17,8089
Chiapas,Chilón,Chilón,17.10549,-92.27153,137262,69945,67317,56745,75546,4944,6.07,71133,118998,31087,5.13,33531
Chiapas,Cintalapa,Cintalapa de Figueroa,16.69868,-93.72043,88106,44429,43677,25876,55144,7033,8.04,39985,6023,27322,3.98,40968
Chiapas,Coapilla,Coapilla,17.13079,-93.15902,9900,5027,4873,3363,5848,689,6.96,4194,1034,3101,4.03,1948
Chiapas,Comitán de Domínguez,Comitán de Domínguez,16.25246,-92.13584,166178,86738,79440,46496,108466,11105,8.55,83914,6388,56783,3.73,69581
Chiapas,Copainalá,Copainalá,17.09361,-93.21056,22192,11346,10846,6676,13587,1929,7.84,9640,1975,7830,3.66,7131
Chiapas,El Bosque,El Bosque,17.06221,-92.72141,24273,12562,11711,9452,13889,932,5.91,6205,21106,5701,4.8,3649
Chiapas,El Parral,El Parral,16.36623,-93.00671,15587,7996,7591,4437,9734,1412,7.09,6764,587,5371,3.65,5139
Chiapas,El Porvenir,El Porvenir de Velasco Suárez,15.45637,-92.27964,12263,6159,6104,4408,6923,891,7.34,4915,269,3129,5.1,543
Chiapas,Emiliano Zapata,20 de Noviembre,16.53917,-92.89672,10783,5412,5371,2983,6898,902,7.47,4908,2106,3604,3.8,3979
Chiapas,Escuintla,Escuintla,15.31927,-92.65856,30896,15682,15214,9876,18452,2568,7.52,13425,111,10147,3.92,9845
Chiapas,Francisco León,San Miguel la Sardina,17.29557,-93.35291,7245,3572,3673,2529,4328,388,6.4,1942,4650,1804,4.79,1969
Chiapas,Frontera Comalapa,Frontera Comalapa,15.66016,-92.14105,80897,41738,39159,25351,50211,5295,7.16,36868,1455,27745,4.01,32799
Chiapas,Frontera Hidalgo,Frontera Hidalgo,14.77784,-92.17598,14556,7380,7176,4535,9002,1019,7.84,6869,77,4447,3.91,6202
Chiapas,Honduras de la Sierra,La Soledad,15.57646,-92.48697,11650,5753,5897,4192,6813,645,6.17,5314,7,2971,4.97,1673
Chiapas,Huehuetán,Huehuetán,15.01852,-92.38418,36333,18622,17711,10613,22823,2873,8.13,17574,71,11713,3.8,15030
Chiapas,Huitiupán,Huitiupán,17.17323,-92.68593,27893,13898,13995,10274,16128,1491,6.16,11693,13860,7082,4.44,9281
Chiapas,Huixtla,Huixtla,15.13829,-92.46582,53242,27163,26079,15202,33771,4263,8.34,24409,597,17713,3.68,22923
Chiapas,Huixtán,Huixtán,16.71215,-92.4546,22975,11711,11264,8497,12992,1483,6.3,10230,19811,5654,4.99,3746
Chiapas,Ixhuatán,Ixhuatán,17.29327,-93.00838,11377,5838,5539,4167,6526,684,7.11,4315,4004,3234,4.34,1199
Chiapas,Ixtacomitán,Ixtacomitán,17.43079,-93.09657,10961,5542,5419,3517,6685,759,8.45,5417,2106,3245,4.12,3855
Chiapas,Ixtapa,Ixtapa,16.80353,-92.9059,28999,14713,14286,9559,17866,1574,7.09,11690,5308,7258,4.7,6050
Chiapas,Ixtapangajoya,La Gloria,17.4425,-92.95311,6284,3162,3122,1939,3928,412,6.98,2146,794,1810,4.03,2194
Chiapas,Jiquipilas,Jiquipilas,16.66772,-93.65048,41063,20693,20370,11519,24971,4573,7.74,19817,2368,14323,3.64,13835
Chiapas,Jitotol,Jitotol,17.06797,-92.86234,24966,12539,12427,9594,13230,993,7.24,10057,15704,6627,4.58,6548
Chiapas,Juárez,Juárez,17.60815,-93.19333,21807,11035,10772,6271,13582,1954,7.85,9578,1231,7500,3.57,8325
Chiapas,La Concordia,La Concordia,16.11672,-92.68793,49920,24787,25133,15678,30667,3565,6.52,22331,3561,15492,4.07,11039
Chiapas,La Grandeza,La Grandeza,15.51013,-92.22588,7701,3936,3765,2826,4318,557,7.63,2683,39,1968,5,1324
Chiapas,La Independencia,Venustiano Carranza,16.19086,-91.92879,46409,23832,22577,14172,29209,3024,6.01,24018,2128,12735,4.18,7434
Chiapas,La Libertad,La Libertad,17.69014,-91.71906,5232,2625,2607,1331,3287,614,7.56,2586,162,1994,3.3,2264
Chiapas,La Trinitaria,La Trinitaria,16.11906,-92.05047,83111,42999,40112,25510,51183,6414,6.34,39389,7822,26435,3.98,17204
Chiapas,Larráinzar,Larráinzar,16.88445,-92.71326,31259,16055,15204,14143,16071,1040,6.32,9512,27767,7419,5.2,5682
Chiapas,Las Margaritas,Las Margaritas,16.31595,-91.98157,141027,72136,68891,47722,83534,7216,6.22,76315,61216,33663,4.88,24317
Chiapas,Las Rosas,Las Rosas,16.36413,-92.36958,28829,14695,14134,8976,17957,1896,6.06,14010,1655,8989,3.99,8548
Chiapas,Mapastepec,Mapastepec,15.44113,-92.89161,46130,23349,22781,13893,28370,3863,7.13,22343,155,16797,3.61,16544
Chiapas,Maravilla Tenejapa,Maravilla Tenejapa,16.1404,-91.2951,14714,7382,7332,5884,8213,617,5.68,4318,5631,3702,4.96,1953
Chiapas,Marqués de Comillas,Zamora Pico de Oro,16.33313,-90.76528,12892,6394,6498,4903,7428,561,6.21,4835,4637,3626,4.44,2622
Chiapas,Mazapa de Madero,Mazapa de Madero,15.38797,-92.18773,7901,4006,3895,2729,4414,758,6.84,2648,258,2202,4.66,816
Chiapas,Mazatán,Mazatán,14.86303,-92.44947,28250,14233,14017,8155,17628,2467,7.69,13647,79,9529,3.6,9527
Chiapas,Metapa,Metapa de Domínguez,14.83731,-92.19094,5876,3120,2756,1672,3627,505,8.58,2361,20,1944,3.73,2474
Chiapas,Mezcalapa,Raudales Malpaso,17.18922,-93.60477,23847,12148,11699,8173,14106,1552,6.89,10079,5395,7300,4.09,8520
Chiapas,Mitontic,Tzoeptic,16.88359,-92.56844,13755,7022,6733,6302,7079,374,4.47,2119,12129,3500,5.02,882
Chiapas,Montecristo de Guerrero,Montecristo de Guerrero,15.69392,-92.61926,8412,4197,4215,3069,4902,441,6.39,3148,128,2430,4.6,1110
Chiapas,Motozintla,Motozintla de Mendoza,15.36317,-92.24774,76398,38973,37425,26304,44886,5202,7.21,33379,889,21794,4.59,15653
Chiapas,Nicolás Ruíz,Nicolás Ruíz,16.43707,-92.58535,4765,2325,2440,1634,2897,234,6.22,1333,22,1246,4.54,367
Chiapas,Ocosingo,Ocosingo,16.90804,-92.09583,234661,118892,115769,89669,133941,8862,6.59,102761,158867,57036,4.99,69206
Chiapas,Ocotepec,Ocotepec,17.22503,-93.16441,14088,7209,6879,6006,7313,769,5.63,3898,12385,3899,4.79,2783
Chiapas,Ocozocoautla de Espinosa,Ocozocoautla de Espinosa,16.76146,-93.37565,97397,49327,48070,31247,60270,5866,7.51,45789,15084,30125,4.06,41585
Chiapas,Ostuacán,Ostuacán,17.40559,-93.33714,18469,9281,9188,6274,10936,1259,7.28,7747,682,5566,4.12,5655
Chiapas,Osumacinta,Osumacinta,16.93547,-93.09134,3983,2004,1979,1241,2474,263,7.91,1296,406,1351,3.82,644
Chiapas,Oxchuc,Oxchuc,16.78612,-92.33492,54932,27418,27514,23466,29144,2322,7.15,13965,47883,12795,5.42,4046
Chiapas,Palenque,Palenque,17.50913,-91.98103,132265,67189,65076,43195,81583,7156,7.81,67435,51052,43025,3.91,48900
Chiapas,Pantelhó,Pantelhó,17.00666,-92.46958,26391,13441,12950,11096,14364,918,4.66,7715,22342,5973,5.33,7260
Chiapas,Pantepec,Pantepec,17.18809,-93.04955,12266,6212,6054,4319,7212,735,6.46,5472,4274,3674,4.15,2368
Chiapas,Pichucalco,Pichucalco,17.50855,-93.11777,31919,16267,15652,8986,20382,2536,8.45,15331,574,10578,3.7,14554
Chiapas,Pijijiapan,Pijijiapan,15.69167,-93.20932,51193,26082,25111,14518,31756,4915,7.4,25205,401,19104,3.43,18797
Chiapas,Pueblo Nuevo Solistahuacán,Pueblo Nuevo Solistahuacán,17.15757,-92.89732,29636,15204,14432,11406,16911,1287,6.53,12055,8878,7551,4.51,7832
Chiapas,Rayón,Rayón,17.2005,-93.01122,10866,5518,5348,3815,6458,593,7.59,5072,3492,3037,4.42,2373
Chiapas,Reforma,Reforma,17.86581,-93.14711,44829,22921,21908,13995,28058,2771,8.91,20015,257,16258,3.58,15074
Chiapas,Rincón Chamula San Pedro,Rincón Chamula,17.20947,-92.93757,8718,4691,4027,3618,4724,376,5.36,2900,6981,2294,4.72,2206
Chiapas,Sabanilla,Sabanilla,17.28348,-92.55172,29889,14968,14921,10611,17680,1598,6.72,13545,20287,8244,4.41,4356
Chiapas,Salto de Agua,Salto de Agua,17.55702,-92.33342,64251,32405,31846,21730,38691,3830,6.52,33844,49491,17284,4.32,11709
Chiapas,San Andrés Duraznal,San Andrés Duraznal,17.132,-92.80499,6047,3119,2928,2535,3261,251,4.99,1688,5187,1589,4.61,971
Chiapas,San Cristóbal de las Casas,San Cristóbal de las Casas,16.73702,-92.63756,215874,113582,102292,61981,143178,10562,9.4,114942,66819,65980,4.08,96596
Chiapas,San Fernando,San Fernando,16.87171,-93.20628,41793,20921,20872,12560,26636,2589,7.28,19479,990,13024,3.99,14670
Chiapas,San Juan Cancuc,San Juan Cancuc,16.89224,-92.37195,37948,19431,18517,17018,19720,1206,5.4,8783,34101,8207,5.45,6357
Chiapas,San Lucas,San Lucas,16.61164,-92.71934,7526,3734,3792,2682,4408,436,5.98,3057,1121,2492,4.11,1516
Chiapas,Santiago el Pinar,Santiago el Pinar,16.94144,-92.7146,4959,2508,2451,2174,2645,140,5.67,1327,4432,1101,5.44,353
Chiapas,Siltepec,Siltepec,15.55719,-92.32286,25937,12911,13026,9457,14798,1682,6.78,9303,61,6667,4.98,2893
Chiapas,Simojovel,Simojovel de Allende,17.14083,-92.71521,52935,27047,25888,21661,29201,2029,6.07,20972,35497,12472,4.93,15022
Chiapas,Sitalá,Sitalá,17.02505,-92.30774,15518,7894,7624,6474,8510,534,4.52,3872,13559,4008,4.78,4116
Chiapas,Socoltenango,Socoltenango,16.24295,-92.35032,19092,9679,9413,5702,12009,1381,6.35,7889,1166,6390,3.77,3587
Chiapas,Solosuchiapa,Solosuchiapa,17.42866,-93.03118,8561,4217,4344,2917,5040,604,7.09,3524,1475,2533,4.13,2322
Chiapas,Soyaló,Soyaló,16.89099,-92.92529,10890,5425,5465,3595,6615,680,6.9,4272,3334,3246,4.24,1920
Chiapas,Suchiapa,Suchiapa,16.62196,-93.10479,25627,12871,12756,7620,16322,1682,8.67,10831,151,8237,4.03,10094
Chiapas,Suchiate,Ciudad Hidalgo,14.67945,-92.15094,41672,21191,20481,13396,25821,2453,6.78,20748,127,13591,3.77,20757
Chiapas,Sunuapa,Sunuapa,17.48938,-93.24317,2308,1133,1175,754,1382,172,7.69,843,12,724,4.11,677
Chiapas,Tapachula,Tapachula de Córdova y Ordóñez,14.91107,-92.26432,353706,182096,171610,97458,227836,25575,9.33,166216,3432,121813,3.64,150537
Chiapas,Tapalapa,Tapalapa,17.19005,-93.1046,4547,2338,2209,1600,2551,396,7.07,1427,3865,1554,4.04,1005
Chiapas,Tapilula,Tapilula,17.2484,-93.01626,13592,7030,6562,4302,8388,902,8.48,5455,1143,4389,3.9,3195
Chiapas,Tecpatán,Tecpatán,17.137,-93.31147,21426,10762,10664,6668,13005,1752,6.86,8937,3803,7408,3.67,13082
Chiapas,Tenejapa,Tzajalchén,16.84079,-92.46005,48162,24854,23308,19937,26210,2015,5.86,14850,43341,11209,5.23,6839
Chiapas,Teopisca,Teopisca,16.54151,-92.4726,49499,25555,23944,17908,29220,2371,5.59,22553,20712,14858,4.43,15614
Chiapas,Tila,Tila,17.30063,-92.42586,83505,41804,41701,25527,41867,4339,6.47,38008,63392,20775,4.63,20456
Chiapas,Tonalá,Tonalá,16.09136,-93.75178,91913,46632,45281,25307,58493,8104,8.47,45033,342,31835,3.59,35570
Chiapas,Totolapa,Totolapa,16.54473,-92.68038,7211,3571,3640,2374,4420,417,5.87,2452,594,2258,4.16,1577
Chiapas,Tumbalá,Joshil,17.24699,-92.36272,38025,19518,18507,13701,22024,2300,6.17,11747,34014,9535,4.74,6912
Chiapas,Tuxtla Chico,Tuxtla Chico,14.94019,-92.16897,41024,21247,19777,11741,25926,3353,8.54,18042,86,13413,3.86,17765
Chiapas,Tuxtla Gutiérrez,Tuxtla Gutiérrez,16.75397,-93.11519,604147,316623,287524,145953,413489,42523,11.04,308596,12976,208847,3.63,246148
Chiapas,Tuzantán,Tuzantán,15.14606,-92.42162,30302,15402,14900,9477,18441,2384,7.49,13653,142,9553,3.93,14506
Chiapas,Tzimol,Tzimol,16.18423,-92.18794,16560,8442,8118,4597,10581,1382,6.45,7649,307,5774,3.54,4124
Chiapas,Unión Juárez,Santo Domingo,15.03054,-92.10522,16008,8161,7847,4661,9744,1599,8.13,6318,159,4962,4.06,5272
Chiapas,Venustiano Carranza,Venustiano Carranza,16.33962,-92.56514,67292,33793,33499,19917,42499,4810,6.59,33289,15043,22524,3.76,21422
Chiapas,Villa Comaltitlán,Villa Comaltitlán,15.21194,-92.57602,30297,14719,15578,9048,18712,2535,7.27,13026,191,9572,3.79,13415
Chiapas,Villa Corzo,Villa Corzo,16.18475,-93.26768,65643,33298,32345,20129,40601,4899,7.35,30995,5418,20951,3.9,27864
Chiapas,Villaflores,Villaflores,16.23549,-93.26771,109536,55728,53808,31123,69626,8763,8.07,53176,2924,36061,3.74,40087
Chiapas,Yajalón,Yajalón,17.17391,-92.33394,40285,20695,19590,13861,24130,2282,6.91,19131,23718,10465,4.59,13975
Chiapas,Zinacantán,Zinacantán,16.76012,-92.72358,45373,24258,21115,16480,26803,2089,4.57,14989,41485,10955,4.95,7842
Chihuahua,Ahumada,Miguel Ahumada,30.61773,-106.51242,14635,7258,7377,4689,9015,927,7.78,6829,80,5407,3.46,2258
Chihuahua,Aldama,Juan Aldama,28.83838,-105.91129,26047,13205,12842,6863,17057,2125,9.41,12536,286,11514,3.15,2071
Chihuahua,Allende,Valle de Ignacio Allende,26.93943,-105.39508,8487,4231,4256,1944,5322,1221,9.13,3756,172,4242,3.09,1512
Chihuahua,Aquiles Serdán,Santa Eulalia,28.5945,-105.88747,24344,10850,13494,6373,17219,667,9.15,12133,249,9277,3.01,5219
Chihuahua,Ascensión,Ascensión,31.09218,-107.99595,26093,12862,13231,7929,16304,1774,7.76,11861,506,10891,3.29,8329
Chihuahua,Bachíniva,Bachíniva,28.76473,-107.25436,5807,2865,2942,1377,3547,882,6.88,2749,247,2978,2.89,748
Chihuahua,Balleza,Mariano Balleza,26.95411,-106.34692,16440,8298,8142,5552,9559,1329,5.38,4720,7681,6731,3.78,2395
Chihuahua,Batopilas de Manuel Gómez Morín,Batopilas de Manuel Gómez Morín,27.02665,-107.73971,11270,5673,5597,4353,6168,748,3.59,2889,6200,4399,3.98,1434
Chihuahua,Bocoyna,San Juanito,27.97,-107.60028,23351,12373,10978,6859,14599,1890,7.93,10988,3129,11789,3.06,2740
Chihuahua,Buenaventura,San Buenaventura,29.84341,-107.47131,25146,12637,12509,7328,15734,2071,7.87,11360,979,10641,3.21,5257
Chihuahua,Camargo,Santa Rosalía de Camargo,27.69496,-105.17162,49499,25052,24447,12240,32560,4672,9.49,24371,981,19467,3.15,7007
Chihuahua,Carichí,Carichí,27.91653,-107.05681,8113,4117,3996,2668,4559,886,4.63,2333,3750,3849,3.63,1598
Chihuahua,Casas Grandes,Casas Grandes,30.3757,-107.94881,11815,5790,6025,3258,7342,1205,8.5,5100,324,5427,3.18,2817
Chihuahua,Chihuahua,Chihuahua,28.63679,-106.07631,937674,480434,457240,209881,648462,77343,11.42,489840,9439,350905,3.11,102281
Chihuahua,Chínipas,Chínipas de Almada,27.39281,-108.53623,6222,3066,3156,1869,3753,586,7.14,2366,777,2682,3.47,763
Chihuahua,Coronado,José Esteban Coronado,26.73762,-105.15831,2034,975,1059,483,1207,334,8,814,9,1046,3.02,219
Chihuahua,Coyame del Sotol,Santiago de Coyame,29.46204,-105.09436,1230,597,633,267,746,192,6.97,491,16,926,2.76,77
Chihuahua,Cuauhtémoc,Cuauhtémoc,28.40631,-106.86604,180638,92221,88417,47319,119369,13615,9.4,88194,2921,68221,3.15,23702
Chihuahua,Cusihuiriachi,Los Álamos de Cerro Prieto,28.18762,-107.10247,5099,2439,2660,1214,3203,682,6.64,2014,305,2824,3,609
Chihuahua,Delicias,Delicias,28.19295,-105.47105,150506,76679,73827,37504,100033,12923,10.2,74743,811,57503,3.15,19931
Chihuahua,Dr. Belisario Domínguez,Tutuaca (Santa Bárbara de Tutuaca),28.02825,-106.53665,2456,1212,1244,414,1381,661,6.63,888,141,2033,2.56,189
Chihuahua,El Tule,El Tule,27.05361,-106.26625,1448,722,726,323,879,246,6.87,405,31,779,3.07,250
Chihuahua,Galeana,Abdenago C. García (Lagunitas),29.99274,-107.5533,6656,3357,3299,2340,3908,401,7.36,2627,412,2306,3.66,2240
Chihuahua,Gran Morelos,San Nicolás de Carretas,28.24782,-106.51012,2448,1197,1251,443,1436,569,6.9,892,59,1771,2.68,201
Chihuahua,Guachochi,Guachochi,26.81915,-107.06936,50180,25882,24298,16768,30256,3152,6.71,25762,26414,20136,3.67,7852
Chihuahua,Guadalupe,Guadalupe,31.39011,-106.10175,4237,2104,2133,1086,2737,414,7.95,1750,3,2917,3.06,602
Chihuahua,Guadalupe y Calvo,Guadalupe y Calvo,26.09452,-106.96437,50514,25336,25178,18731,28974,2809,5.86,22218,15912,17442,4.11,7143
Chihuahua,Guazapares,Témoris,27.27638,-108.27996,8196,4091,4105,2919,4600,677,6.52,3141,1991,3075,3.69,1319
Chihuahua,Guerrero,La Junta,28.47744,-107.33241,35473,17771,17702,9184,22183,4097,7.75,16940,1042,17065,2.99,5581
Chihuahua,Gómez Farías,Valentín Gómez Farías,29.35702,-107.73865,7023,3558,3465,1680,4252,1091,8,3072,28,4196,2.75,539
Chihuahua,Hidalgo del Parral,Hidalgo del Parral,26.92209,-105.66714,116662,60415,56247,29150,76738,10669,10.34,54427,972,41166,3.38,13883
Chihuahua,Huejotitán,Huejotitán,27.05467,-106.17946,824,413,411,203,468,153,6.95,294,11,444,2.93,42
Chihuahua,Ignacio Zaragoza,Ignacio Zaragoza,29.64321,-107.76419,5196,2591,2605,1106,3177,913,7.47,2510,11,3330,2.66,448
Chihuahua,Janos,Janos,30.88726,-108.18985,11005,5245,5760,3433,6709,844,6.95,4610,458,4576,3.38,2869
Chihuahua,Jiménez,José Mariano Jiménez,27.13055,-104.92298,40859,20671,20188,11302,25991,3557,9.55,18215,455,14624,3.45,5114
Chihuahua,Julimes,Julimes,28.42306,-105.43056,4980,2463,2517,1231,3114,629,7.93,2288,29,2467,2.95,384
Chihuahua,Juárez,Juárez,31.74647,-106.48502,1512450,755473,756977,380302,1042232,85438,10.18,785054,8160,520392,3.35,281293
Chihuahua,La Cruz,La Cruz,27.86389,-105.19639,3704,1823,1881,902,2346,456,8.45,1243,74,1674,3.17,378
Chihuahua,López,Octaviano López,27.0025,-105.03306,4122,2005,2117,1027,2498,597,8.59,1563,168,1939,3.13,235
Chihuahua,Madera,Madera,29.19,-108.14139,25144,12738,12406,6710,15490,2793,7.99,10957,336,12350,3.09,3200
Chihuahua,Maguarichi,Maguarichi,27.8593,-107.99396,1302,681,621,387,775,140,6.41,364,206,723,2.86,61
Chihuahua,Manuel Benavides,Manuel Benavides,29.10739,-103.90782,1178,552,626,199,785,194,6.43,473,5,918,2.51,66
Chihuahua,Matachí,Matachí,28.84323,-107.75465,2742,1328,1414,607,1687,448,7.32,1061,19,1508,2.77,362
Chihuahua,Matamoros,Mariano Matamoros,26.76388,-105.58333,4314,2151,2163,1069,2662,583,8.26,1679,70,2153,3.11,341
Chihuahua,Meoqui,Pedro Meoqui,28.2678,-105.48029,44853,22472,22381,11709,28945,4132,8.78,21211,567,17420,3.23,6752
Chihuahua,Morelos,Morelos,26.67053,-107.67725,7266,3601,3665,2627,4135,504,5.45,2325,2182,2771,3.83,2183
Chihuahua,Moris,Moris,28.14838,-108.52324,4447,2113,2334,1329,2655,437,6.41,1631,152,2038,3.31,1442
Chihuahua,Namiquipa,Santa Ana,29.03245,-107.47117,22712,11322,11390,5700,13802,3201,7.61,10778,227,11141,2.93,3504
Chihuahua,Nonoava,Nonoava,27.47205,-106.73533,2757,1380,1377,746,1666,345,6.82,1003,368,1348,3.28,277
Chihuahua,Nuevo Casas Grandes,Nuevo Casas Grandes,30.41399,-107.9121,65753,33614,32139,17150,43021,5568,9.9,31427,610,25184,3.13,12505
Chihuahua,Ocampo,Basaseachi,28.20129,-108.20945,8127,4017,4110,2728,4833,566,7.19,3265,70,3612,3.42,2044
Chihuahua,Ojinaga,Manuel Ojinaga,29.5645,-104.41566,24534,12341,12193,6262,15764,2493,8.61,11289,101,11727,2.98,3948
Chihuahua,Praxedis G. Guerrero,Praxedis G. Guerrero,31.37207,-106.00539,5111,2512,2599,1314,3194,592,7.61,2028,3,3209,3.03,882
Chihuahua,Riva Palacio,San Andrés,28.54601,-106.50263,7695,3802,3893,2281,4741,673,6.72,3417,89,3121,3.53,886
Chihuahua,Rosales,Santa Cruz de Rosales,28.18694,-105.55444,16776,8361,8415,3965,11018,1777,8.4,7910,185,6959,3.15,2172
Chihuahua,Rosario,San Javier,27.21097,-106.34956,2079,997,1082,413,1312,354,6.82,661,25,1091,3.05,334
Chihuahua,San Francisco de Borja,San Francisco de Borja,27.90182,-106.68492,2197,1045,1152,449,1307,441,6.97,882,189,1342,2.74,147
Chihuahua,San Francisco de Conchos,Boquilla de Babisas (La Boquilla de Conchos),27.55001,-105.40525,2696,1295,1401,581,1714,401,8.52,970,29,1422,2.9,125
Chihuahua,San Francisco del Oro,San Francisco del Oro,26.85899,-105.85008,5004,2520,2484,1308,3110,584,9.58,1838,37,2212,3.21,190
Chihuahua,Santa Bárbara,Santa Bárbara,26.8021,-105.8181,11582,5765,5817,3073,7277,1191,9.46,4782,95,4388,3.35,817
Chihuahua,Santa Isabel,Santa Isabel,28.34335,-106.36805,3791,1927,1864,774,2412,605,7.92,1576,62,2523,2.94,386
Chihuahua,Satevó,San Francisco Javier de Satevó,27.95603,-106.1072,3414,1609,1805,654,2086,674,7,1356,73,2139,2.79,282
Chihuahua,Saucillo,Saucillo,28.03267,-105.28803,29862,15034,14828,7466,19135,3261,8.86,12706,167,11575,3.29,4260
Chihuahua,Temósachic,Temósachic,28.95276,-107.82984,5320,2654,2666,1317,3212,791,6.98,2078,336,2862,2.86,700
Chihuahua,Urique,San Rafael,27.48975,-107.89007,17043,8685,8358,5861,9834,1348,5.44,4617,7713,7180,3.56,3111
Chihuahua,Uruachi,Uruachi,27.86792,-108.2152,6512,3224,3288,1993,3903,616,5.86,1255,1291,2884,3.46,1050
Chihuahua,Valle de Zaragoza,Valle de Zaragoza,27.45713,-105.81099,4775,2356,2419,1137,2835,803,7.12,2098,58,2914,2.87,552
Ciudad de México,Azcapotzalco,Azcapotzalco,19.4841,-99.18436,432205,227255,204950,70366,306611,54863,11.91,239069,3208,149381,3.21,90370
Ciudad de México,Benito Juárez,Benito Juárez,19.37199,-99.15785,434153,232032,202121,51243,321279,61593,14.55,276919,3540,199993,2.46,87197
Ciudad de México,Coyoacán,Coyoacán,19.35021,-99.16215,614447,325337,289110,91327,432544,90448,12.51,340527,7728,208024,3.2,160961
Ciudad de México,Cuajimalpa de Morelos,Cuajimalpa de Morelos,19.35735,-99.29979,217686,113537,104149,45307,155503,16760,11.44,119508,2046,65831,3.6,52803
Ciudad de México,Cuauhtémoc,Cuauhtémoc,19.44165,-99.15188,545884,284933,260951,83469,398058,64291,12.41,337364,9062,227906,2.75,153800
Ciudad de México,Gustavo A. Madero,Gustavo A. Madero,19.48295,-99.11347,1173351,609477,563874,212345,819397,141375,11.11,618184,14196,370297,3.42,300902
Ciudad de México,Iztacalco,Iztacalco,19.3959,-99.09761,404695,212343,192352,69312,286131,49074,11.52,224915,4412,130175,3.43,110116
Ciudad de México,Iztapalapa,Iztapalapa,19.359,-99.09262,1835486,947835,887651,366835,1293944,174312,10.42,984791,28716,537596,3.61,594796
Ciudad de México,La Magdalena Contreras,La Magdalena Contreras,19.3049,-99.24152,247622,129335,118287,47378,174135,26066,10.84,132898,2890,71545,3.62,68100
Ciudad de México,Miguel Hidalgo,Miguel Hidalgo,19.40727,-99.19075,414470,219003,195467,62495,295866,50183,13.11,244498,3593,168191,2.81,79709
Ciudad de México,Milpa Alta,San Antonio Tecómitl,19.21754,-98.99372,152685,78314,74371,36311,105619,10741,9.95,83292,4891,44823,3.9,46029
Ciudad de México,Tlalpan,Tlalpan,19.28828,-99.16713,699928,365051,334877,129152,496189,74056,11.5,385373,11884,224761,3.44,201070
Ciudad de México,Tláhuac,Tláhuac,19.27057,-99.00485,392313,202123,190190,84051,278514,29603,10.53,206502,4862,118983,3.67,106993
Ciudad de México,Venustiano Carranza,Venustiano Carranza,19.41926,-99.1137,443704,233586,210118,78081,310974,54234,11.46,247472,4971,151569,3.26,125162
Ciudad de México,Xochimilco,Xochimilco,19.26346,-99.10491,442178,226726,215452,89049,312227,40693,10.84,235784,10662,131035,3.74,137441
Ciudad de México,Álvaro Obregón,Álvaro Obregón,19.39081,-99.19541,759137,398130,361007,136052,538449,83813,11.28,422861,8492,236129,3.45,187340
Coahuila,Abasolo,Abasolo,27.18194,-101.42639,1022,487,535,208,643,171,8.94,437,1,696,2.82,438
Coahuila,Acuña,Ciudad Acuña,29.33001,-100.97826,163058,81115,81943,45621,109827,7387,9.4,82890,434,56926,3.45,31769
Coahuila,Allende,Allende,28.34722,-100.85417,23056,11610,11446,6310,14933,1813,9.47,9716,12,8907,3.36,5306
Coahuila,Arteaga,Arteaga,25.45062,-100.84962,29578,14623,14955,8074,19186,2308,9.82,13734,62,14621,3.42,8331
Coahuila,Candela,Candela,26.84028,-100.66389,1643,800,843,457,975,211,7.74,523,0,1028,3.49,309
Coahuila,Castaños,Castaños,26.78528,-101.43056,29128,14532,14596,8028,18857,2243,9.63,11732,16,10691,3.47,4615
Coahuila,Cuatro Ciénegas,Cuatro Ciénegas de Carranza,26.98686,-102.0671,12715,6350,6365,3676,7819,1218,8.91,5305,12,5275,3.36,2543
Coahuila,Escobedo,Primero de Mayo,27.23648,-101.22452,3047,1518,1529,860,1874,313,8.28,1029,1,1322,3.36,1087
Coahuila,Francisco I. Madero,Francisco I. Madero (Chávez),25.775,-103.27306,59035,29818,29217,16808,37902,4319,9.38,26513,48,20022,3.71,13004
Coahuila,Frontera,Frontera,26.92611,-101.44944,82409,41200,41209,22111,54231,6019,10,36013,52,26600,3.52,13095
Coahuila,General Cepeda,General Cepeda,25.37991,-101.47929,11898,5807,6091,3341,7207,1323,8.41,4896,2,4992,3.49,2367
Coahuila,Guerrero,Guerrero,28.30842,-100.37873,1643,760,883,413,1038,192,7.79,642,10,961,3.13,305
Coahuila,Hidalgo,Hidalgo,27.79168,-99.87605,1735,839,896,590,1016,126,8.12,592,0,787,3.53,906
Coahuila,Jiménez,San Carlos,29.02636,-100.90323,9502,4645,4857,2609,6093,800,7.69,3943,3,4192,3.43,2365
Coahuila,Juárez,Juárez,27.60651,-100.72712,1584,798,786,433,995,156,8.3,603,0,973,3.26,483
Coahuila,Lamadrid,Lamadrid,27.04849,-101.7936,1764,836,928,412,1111,241,8.88,563,1,1021,3.19,237
Coahuila,Matamoros,Matamoros,25.52814,-103.23038,118337,59645,58692,32049,77421,8774,9.16,54126,374,37230,3.78,27593
Coahuila,Monclova,Monclova,26.90124,-101.41722,237951,119893,118058,60186,157411,20161,10.86,108553,220,78416,3.4,37049
Coahuila,Morelos,Morelos,28.4101,-100.88663,7928,3993,3935,2147,5088,693,9.26,3319,2,3299,3.38,1473
Coahuila,Múzquiz,Ciudad Melchor Múzquiz,27.87755,-101.51652,71627,35771,35856,19489,44899,6429,9.16,28901,100,25010,3.47,12051
Coahuila,Nadadores,Nadadores,27.02903,-101.59202,6539,3296,3243,1593,4336,610,9.52,2701,6,2787,3.31,930
Coahuila,Nava,Nava,28.42187,-100.76755,33129,16530,16599,9544,21594,1964,9.27,13071,23,11129,3.53,5678
Coahuila,Ocampo,Ocampo,27.31122,-102.3974,9642,4650,4992,2785,6008,849,8.39,3741,2,4111,3.57,1667
Coahuila,Parras,Parras de la Fuente,25.43738,-102.18417,44472,21938,22534,11762,28556,4103,9.45,21437,68,17265,3.48,9847
Coahuila,Piedras Negras,Piedras Negras,28.70809,-100.52844,176327,87616,88711,47189,118048,10817,10.1,84748,256,62631,3.38,34827
Coahuila,Progreso,San José de Aura,27.58826,-101.37191,3239,1605,1634,837,2008,349,7.9,1028,1,1557,3.24,627
Coahuila,Ramos Arizpe,Ramos Arizpe,25.54323,-100.95078,122243,59521,62722,34157,83352,4644,10.43,60248,414,40038,3.52,19963
Coahuila,Sabinas,Sabinas,27.84889,-101.11999,64811,32574,32237,16685,42616,5462,9.98,29991,86,24744,3.2,10322
Coahuila,Sacramento,Sacramento,27.00444,-101.72504,2471,1229,1242,653,1604,214,9.12,898,0,1035,3.41,628
Coahuila,Saltillo,Saltillo,25.42166,-100.99972,879958,442166,437792,229165,590090,57919,11.02,424011,2174,271428,3.62,142342
Coahuila,San Buenaventura,San Buenaventura,27.06026,-101.55003,24759,12484,12275,6301,16154,2277,10.22,10637,20,9640,3.25,3734
Coahuila,San Juan de Sabinas,Nueva Rosita,27.9339,-101.21698,42260,21338,20922,10207,27223,4823,10.04,18526,27,15777,3.22,5142
Coahuila,San Pedro,San Pedro,25.75778,-102.98316,101041,51092,49949,28607,63648,8762,9.02,42920,162,33186,3.79,27472
Coahuila,Sierra Mojada,Hércules,28.04192,-103.78972,6744,3217,3527,2011,4333,400,9.26,2606,9,2629,3.39,831
Coahuila,Torreón,Torreón,25.54175,-103.45306,720848,369095,351753,177805,483827,57889,11.12,358256,906,261544,3.34,158116
Coahuila,Viesca,Viesca,25.34361,-102.80635,20305,10075,10230,5713,12708,1843,7.98,7991,11,6880,3.77,5651
Coahuila,Villa Unión,Villa Unión,28.2205,-100.72516,6188,3058,3130,1759,3876,553,8.52,2391,2,2917,3.4,1702
Coahuila,Zaragoza,Zaragoza,28.48704,-100.91762,13135,6578,6557,3685,8238,1212,8.59,5704,10,5781,3.29,2568
Colima,Armería,Ciudad de Armería,18.93707,-103.965,27626,13686,13940,7151,17625,2829,7.77,14643,102,11236,3.35,2713
Colima,Colima,Colima,19.24292,-103.72812,157048,80893,76155,33125,105685,17714,10.83,82323,650,65375,3.08,27906
Colima,Comala,Comala,19.3232,-103.7588,21661,10768,10893,4969,14256,2341,9.09,11501,67,8056,3.43,4196
Colima,Coquimatlán,Coquimatlán,19.20141,-103.81092,20837,10353,10484,5067,13666,2090,8.48,10648,205,7954,3.36,4034
Colima,Cuauhtémoc,Quesería,19.38695,-103.57368,31267,15538,15729,7083,20637,3483,9.22,15471,1119,11645,3.35,4754
Colima,Ixtlahuacán,Ixtlahuacán,19.00118,-103.73859,5623,2736,2887,1271,3684,668,8.01,2725,15,2418,3.28,295
Colima,Manzanillo,Manzanillo,19.05321,-104.31638,191031,95914,95117,46527,131002,12994,10.11,101496,900,76583,3.19,30556
Colima,Minatitlán,Minatitlán,19.38611,-104.04964,10231,4997,5234,2795,6480,835,8.85,4816,22,3753,3.51,896
Colima,Tecomán,Tecomán,18.9106,-103.87379,116305,58476,57829,31268,76039,8838,8.22,60928,1726,40114,3.52,20632
Colima,Villa de Álvarez,Ciudad de Villa de Álvarez,19.26478,-103.73676,149762,77408,72354,33907,105436,9970,11.56,82091,404,61844,3.05,27092
Durango,Canatlán,Canatlán,24.52726,-104.77837,31454,15803,15651,8369,19742,3328,9.23,13069,76,11723,3.56,8386
Durango,Canelas,Canelas,25.12297,-106.54563,4321,2111,2210,1436,2571,314,6.44,1198,1,1684,3.7,777
Durango,Coneto de Comonfort,Nogales,24.97833,-104.72028,4084,2020,2064,1255,2421,397,7.81,1230,6,1665,3.86,654
Durango,Cuencamé,Cuencamé de Ceniceros,24.87094,-103.69846,34955,17440,17515,10084,21610,3195,8.63,15372,30,12922,3.74,9143
Durango,Durango,Victoria de Durango,24.02399,-104.67019,688697,353285,335412,181469,454946,50310,10.74,335483,4426,224232,3.66,173476
Durango,El Oro,Santa María del Oro,25.94932,-105.36487,10384,5201,5183,2591,6302,1491,8.77,4718,47,6229,3.19,1977
Durango,General Simón Bolívar,San José de Zaragoza,25.22707,-103.46793,10038,5057,4981,3024,5883,1127,7.11,3298,1,4021,3.81,2467
Durango,Guadalupe Victoria,Guadalupe Victoria,24.44643,-104.12366,36695,18635,18060,9659,23673,3311,9,15872,56,13775,3.6,15139
Durango,Guanaceví,Guanaceví,25.93166,-105.95443,9869,4716,5153,2907,6003,959,6.94,3876,101,4361,3.41,2895
Durango,Gómez Palacio,Gómez Palacio,25.57011,-103.49642,372750,188213,184537,101901,244327,25962,10.11,171745,353,123433,3.61,78399
Durango,Hidalgo,Revolución (Las Víboras),26.20451,-105.0833,3843,1907,1936,969,2258,616,8.42,1097,14,1957,3.24,549
Durango,Indé,Indé,25.91202,-105.22379,4748,2374,2374,1228,2718,799,7.5,1893,73,2822,3.28,837
Durango,Lerdo,Lerdo,25.53655,-103.52485,163313,82457,80856,43978,107289,11837,9.97,75634,134,54303,3.65,40885
Durango,Mapimí,Bermejillo,25.88974,-103.62446,26932,13462,13470,8708,16108,2079,8.04,10403,45,9307,3.88,7165
Durango,Mezquital,San Francisco del Mezquital,23.47353,-104.39674,48583,24725,23858,21390,25085,2057,6.3,7131,37194,12726,5.07,11349
Durango,Nazas,Nazas,25.22778,-104.1138,12894,6369,6525,3710,7607,1575,8.36,4951,9,5233,3.66,2770
Durango,Nombre de Dios,Nombre de Dios,23.84821,-104.2447,19060,9552,9508,5337,11642,2081,8.54,8033,10,7638,3.6,5722
Durango,Nuevo Ideal,Nuevo Ideal,24.88831,-105.07421,27981,14096,13885,8867,16658,2435,8.19,12177,50,10627,3.76,9424
Durango,Ocampo,Villa las Nieves,26.401,-105.38796,8003,3911,4092,1930,4801,1272,8.63,3139,129,4099,3.02,1148
Durango,Otáez,Otáez,24.69869,-105.99406,4924,2332,2592,1643,2928,353,7.2,1502,0,1749,4.27,1068
Durango,Peñón Blanco,Peñón Blanco,24.79251,-104.03427,11118,5506,5612,3234,6679,1193,8.53,4283,6,4304,3.67,2351
Durango,Poanas,Villa Unión,23.97509,-104.04414,25623,13004,12619,6978,16071,2555,8.7,11035,26,9498,3.74,7588
Durango,Pueblo Nuevo,El Salto,23.77815,-105.36019,51269,25887,25382,17778,30766,2707,8.67,19823,3151,16103,4.23,15352
Durango,Pánuco de Coronado,Francisco I. Madero,24.40102,-104.31926,12656,6353,6303,3237,7898,1484,8.67,5308,6,5315,3.49,4612
Durango,Rodeo,Rodeo,25.18072,-104.56044,12818,6314,6504,3777,7557,1484,8.7,4788,2,5190,3.69,3376
Durango,San Bernardo,San Bernardo,26.00079,-105.52326,2837,1308,1529,628,1633,576,7.38,964,41,1747,2.9,316
Durango,San Dimas,Tayoltita,24.10218,-105.93125,17333,8462,8871,5628,10545,1157,7.8,6701,14,6742,3.81,4497
Durango,San Juan de Guadalupe,San Juan de Guadalupe,24.63085,-102.78205,5251,2630,2621,1464,3098,677,7.2,1995,0,2540,3.56,1303
Durango,San Juan del Río,San Juan del Río del Centauro del Norte,24.77825,-104.45923,12013,6092,5921,3528,7090,1381,8.27,4798,19,4863,3.85,2037
Durango,San Luis del Cordero,San Luis del Cordero,25.41765,-104.27779,2103,1037,1066,595,1234,274,7.63,767,0,1039,3.56,363
Durango,San Pedro del Gallo,San Pedro del Gallo,25.56586,-104.29283,1633,782,851,405,993,235,7.38,616,0,840,3.31,392
Durango,Santa Clara,Santa Clara,24.47544,-103.35722,6727,3373,3354,1951,3920,856,8.08,2410,3,2812,3.57,1390
Durango,Santiago Papasquiaro,Santiago Papasquiaro,25.03908,-105.42095,49207,24260,24947,14074,30918,4206,8.72,21895,162,19868,3.56,13668
Durango,Súchil,Súchil,23.62216,-103.92187,6917,3524,3393,2042,4089,782,8.29,2471,693,2681,3.72,2256
Durango,Tamazula,Tamazula de Victoria,24.97032,-106.9666,26300,12794,13506,9195,15435,1666,7.05,10852,68,8761,4.29,5780
Durango,Tepehuanes,Santa Catarina de Tepehuanes,25.34321,-105.723,11378,5629,5749,3048,6832,1498,7.29,5162,65,6981,3.28,2656
Durango,Tlahualilo,Tlahualilo de Zaragoza,26.10739,-103.43924,21143,10606,10537,6227,12894,1994,8.92,8489,10,7555,3.72,4739
Durango,Topia,Topia,25.20902,-106.5712,9320,4561,4759,3068,5601,651,7.11,3492,21,3018,3.99,3986
Durango,Vicente Guerrero,Vicente Guerrero,23.73111,-103.98778,23476,11996,11480,6592,14804,2068,9.25,10609,200,8612,3.68,10502
Guanajuato,Abasolo,Abasolo,20.4509,-101.52836,92040,47187,44853,25470,58660,7905,7.73,42110,84,27505,4.13,16749
Guanajuato,Acámbaro,Acámbaro,20.03538,-100.71933,108697,56489,52208,26332,68964,13366,8.34,51121,98,45739,3.59,22418
Guanajuato,Apaseo el Alto,Apaseo el Alto,20.45717,-100.62163,63392,32842,30550,17503,40836,5049,7.93,29864,91,22999,3.92,13347
Guanajuato,Apaseo el Grande,Apaseo el Grande,20.54528,-100.68822,117883,60630,57253,30797,75067,6585,8.85,54766,309,40881,3.77,25494
Guanajuato,Atarjea,El Carricillo,21.31518,-99.83323,5296,2713,2583,1494,3078,724,7.23,1903,5,2232,3.39,798
Guanajuato,Celaya,Celaya,20.52152,-100.81357,521169,268124,253045,128188,352485,39655,10.11,262642,1076,180622,3.62,126329
Guanajuato,Comonfort,Comonfort,20.72005,-100.7612,82216,43483,38733,23872,52530,5813,8.17,37053,228,24694,4.21,17324
Guanajuato,Coroneo,Coroneo,20.19861,-100.36444,11083,5813,5270,3103,6869,1111,7.77,4976,20,5070,3.53,1818
Guanajuato,Cortazar,Cortazar,20.48351,-100.96373,97928,50393,47535,24441,65265,8179,8.82,47608,154,31346,3.86,19936
Guanajuato,Cuerámaro,Cuerámaro,20.62648,-101.67039,30857,15990,14867,8483,19326,3045,7.74,13379,30,11338,3.77,6822
Guanajuato,Doctor Mora,Doctor Mora,21.14264,-100.31895,27390,14257,13133,8393,17196,1801,8.06,11632,37,8464,4.05,4634
Guanajuato,Dolores Hidalgo Cuna de la Independencia Nacional,Dolores Hidalgo Cuna de la Independencia Nacional,21.1592,-100.91724,163038,86327,76711,50255,101578,11040,8.07,76217,915,50340,4.15,38953
Guanajuato,Guanajuato,Guanajuato,21.0161,-101.25362,194500,100462,94038,48637,132066,13669,10.46,95753,281,63114,3.75,27808
Guanajuato,Huanímaro,Huanímaro,20.36827,-101.49687,21128,11137,9991,5710,13156,2260,7.8,8775,11,7390,3.93,2239
Guanajuato,Irapuato,Irapuato,20.6728,-101.34812,592953,302183,290770,153347,396057,43422,9.66,285598,742,179354,3.86,112281
Guanajuato,Jaral del Progreso,Jaral del Progreso,20.37652,-101.06397,38782,19935,18847,10117,24953,3711,8.37,17395,29,13077,3.88,5642
Guanajuato,Jerécuaro,Jerécuaro,20.15003,-100.51053,49517,25903,23614,13863,30402,5252,7.01,21799,29,21773,3.59,7554
Guanajuato,León,León de los Aldama,21.12197,-101.6832,1721215,874542,846673,447739,1160943,108370,9.75,900923,3579,511648,3.9,381804
Guanajuato,Manuel Doblado,Ciudad Manuel Doblado,20.72752,-101.95279,41240,21463,19777,11814,25244,4179,7.2,18933,23,15891,3.69,6870
Guanajuato,Moroleón,Moroleón,20.13187,-101.18921,47261,24559,22702,9717,31757,5787,8.7,25507,13,19856,3.31,10642
Guanajuato,Ocampo,Ocampo,21.64849,-101.47802,26383,12881,13502,7639,16713,2030,7.16,11790,30,8897,4.03,5575
Guanajuato,Pueblo Nuevo,Pueblo Nuevo,20.52596,-101.37085,12403,6482,5921,3270,7814,1298,7.77,5185,13,4511,3.78,2157
Guanajuato,Purísima del Rincón,Purísima de Bustos,21.02958,-101.8781,83842,42508,41334,24761,54183,4642,7.72,43493,160,23696,4.21,18721
Guanajuato,Pénjamo,Pénjamo,20.43179,-101.72504,154960,80543,74417,41718,97767,15431,7.77,69059,107,52573,3.9,29291
Guanajuato,Romita,Romita,20.87121,-101.51712,65766,33513,32253,19334,41331,5100,7.75,27889,94,20510,4.06,8224
Guanajuato,Salamanca,Salamanca,20.56868,-101.19992,273417,141139,132278,65040,183866,24390,9.37,125419,270,93638,3.64,45024
Guanajuato,Salvatierra,Salvatierra,20.21612,-100.88136,94126,48679,45447,22221,60146,11698,8.12,43209,49,38171,3.65,13141
Guanajuato,San Diego de la Unión,San Diego de la Unión,21.46639,-100.87332,41054,21809,19245,12192,25668,3180,7.13,17030,31,13180,4.04,6755
Guanajuato,San Felipe,San Felipe,21.47934,-101.21594,119793,61706,58087,37895,73204,8583,7.69,51773,85,36661,4.27,21092
Guanajuato,San Francisco del Rincón,San Francisco del Rincón,21.01868,-101.85852,130871,66889,63982,36972,84845,8934,8.2,68824,340,38921,4.05,32085
Guanajuato,San José Iturbide,San José Iturbide,21.00082,-100.38572,89558,46139,43419,26788,57664,5074,9.1,42361,186,28189,3.94,17573
Guanajuato,San Luis de la Paz,San Luis de la Paz,21.29882,-100.51513,128536,67884,60652,39152,81174,8126,8.23,56086,2293,38180,4.23,32058
Guanajuato,San Miguel de Allende,San Miguel de Allende,20.90401,-100.71338,174615,91538,83077,47668,112782,14115,8.7,87924,330,61035,3.9,61938
Guanajuato,Santa Catarina,Santa Catarina,21.13988,-100.06691,5723,3030,2693,1690,3482,551,7.69,2219,7,2384,3.69,637
Guanajuato,Santa Cruz de Juventino Rosas,Juventino Rosas,20.6432,-100.99404,82340,43178,39162,23451,52862,6015,7.92,36296,51,23941,4.24,17808
Guanajuato,Santiago Maravatío,Santiago Maravatío,20.17241,-100.99523,6714,3495,3219,1509,4188,1017,7.54,2850,3,3383,3.35,929
Guanajuato,Silao de la Victoria,Silao de la Victoria,20.94445,-101.42622,203556,103483,100073,59511,131586,12390,8.68,93113,247,57175,4.36,29155
Guanajuato,Tarandacuao,Tarandacuao,20.00397,-100.51633,11304,5810,5494,2836,6997,1467,8.05,4809,5,5199,3.54,1942
Guanajuato,Tarimoro,Tarimoro,20.28854,-100.75594,35905,18505,17400,8801,22787,4316,7.57,16362,18,15897,3.52,4384
Guanajuato,Tierra Blanca,Tierra Blanca,21.1,-100.15915,20007,10347,9660,6208,12430,1366,7.97,8364,1513,6623,4.08,4137
Guanajuato,Uriangato,Uriangato,20.14101,-101.17805,61494,31862,29632,13743,41704,6047,8.01,33124,98,22919,3.54,12971
Guanajuato,Valle de Santiago,Valle de Santiago,20.39132,-101.18143,150054,77750,72304,38468,97161,14361,7.99,67924,107,49543,3.93,32044
Guanajuato,Victoria,Victoria,21.21217,-100.21594,21253,11318,9935,6487,12823,1942,8.23,9048,46,7422,3.88,3352
Guanajuato,Villagrán,Villagrán,20.51137,-100.9965,65791,33804,31987,18120,43312,4340,8.94,29425,164,22120,4.01,11017
Guanajuato,Xichú,Xichú,21.29861,-100.05961,11143,5873,5270,3471,6415,1257,6.72,3664,6,4304,3.7,531
Guanajuato,Yuriria,Yuriria,20.21274,-101.13093,68741,35883,32858,17472,42889,8375,7.42,31945,41,30247,3.58,13187
Guerrero,Acapulco de Juárez,Acapulco de Juárez,16.86187,-99.88656,779566,407772,371794,187082,509977,73317,9.87,384977,11802,331319,3.47,217925
Guerrero,Acatepec,Acatepec,17.32522,-98.91033,40197,20657,19540,16399,21998,1800,6.57,13054,36128,12386,4.42,3255
Guerrero,Ahuacuotzingo,Ahuacuotzingo,17.71409,-98.93491,25205,13443,11762,9051,13947,2207,5.27,9210,5141,7971,4.32,4048
Guerrero,Ajuchitlán del Progreso,Ajuchitlán del Progreso,18.15955,-100.49606,37655,19277,18378,11985,21816,3831,6.87,16213,317,13201,4.02,13530
Guerrero,Alcozauca de Guerrero,Alcozauca de Guerrero,17.46352,-98.38389,21225,11330,9895,8766,10672,1787,4.6,2817,17275,6695,5.22,3353
Guerrero,Alpoyeca,Alpoyeca,17.67006,-98.51324,7813,4111,3702,2511,4564,738,7.31,3354,1389,3082,4.01,1252
Guerrero,Apaxtla,Ciudad Apaxtla de Castrejón,18.13008,-99.93231,11112,5709,5403,3400,6324,1387,7.8,4655,105,4110,3.82,3178
Guerrero,Arcelia,Arcelia,18.31583,-100.28395,33267,17208,16059,9929,19924,3414,8.41,15821,256,12492,3.72,10092
Guerrero,Atenango del Río,Atenango del Río,18.10434,-99.1078,9147,4735,4412,2723,5332,1092,6.46,3711,642,3299,3.72,1247
Guerrero,Atlamajalcingo del Monte,Zilacayotitlán,17.29587,-98.55017,5811,3096,2715,2184,3077,550,5.93,1452,5079,2100,4.48,642
Guerrero,Atlixtac,Atlixtac,17.56368,-98.93323,28491,14985,13506,11222,15381,1878,5.32,7767,17055,9861,4.13,3355
Guerrero,Atoyac de Álvarez,Atoyac de Álvarez,17.21274,-100.43313,60680,31201,29479,16643,37162,6856,8.38,31233,898,22620,3.41,14544
Guerrero,Ayutla de los Libres,Ayutla de los Libres,16.96529,-99.09738,69123,35645,33478,24211,40604,4308,7.23,33692,22237,19262,4.36,11629
Guerrero,Azoyú,Azoyú,16.73296,-98.60109,15099,7712,7387,4383,8893,1823,7.48,7029,1027,5543,3.5,4554
Guerrero,Benito Juárez,San Jerónimo de Juárez,17.13637,-100.46867,15442,7874,7568,3469,9698,2275,9.04,7685,97,6610,3.04,4317
Guerrero,Buenavista de Cuéllar,Buenavista de Cuéllar,18.45789,-99.40534,12982,6732,6250,3236,8057,1689,8.09,6402,85,5507,3.22,2795
Guerrero,Chilapa de Álvarez,Chilapa de Álvarez,17.59423,-99.17768,123722,65981,57741,42563,71373,9785,6.56,67037,35957,40126,4.15,31441
Guerrero,Chilpancingo de los Bravo,Chilpancingo de los Bravo,17.55165,-99.50106,283354,148857,134497,77191,187198,18694,10.66,144998,7855,94480,3.87,77767
Guerrero,Coahuayutla de José María Izazaga,Coahuayutla de Guerrero,18.31639,-101.73461,12408,6149,6259,3798,7210,1400,5.57,4530,1,4593,3.56,665
Guerrero,Cochoapa el Grande,Cochoapa el Grande,17.19297,-98.45528,21241,11312,9929,9842,9832,1567,3.4,3212,18919,10060,5.09,3842
Guerrero,Cocula,Cocula,18.23587,-99.66119,15579,7948,7631,4561,9176,1842,7.48,6739,66,6586,3.62,5880
Guerrero,Copala,Copala,16.60876,-98.97862,14463,7479,6984,4271,8660,1529,7.67,6773,456,5782,3.47,3333
Guerrero,Copalillo,Copalillo,18.03415,-99.04172,15598,8122,7476,5403,9048,1147,5.42,5304,10638,4774,4.45,1897
Guerrero,Copanatoyac,Copanatoyac,17.46184,-98.71346,21648,11618,10030,8394,11692,1562,5.35,5833,17576,6490,4.67,3045
Guerrero,Coyuca de Benítez,Coyuca de Benítez,17.009,-100.08937,73056,37541,35515,20083,45353,7587,8.09,35715,397,26843,3.41,18918
Guerrero,Coyuca de Catalán,Coyuca de Catalán,18.33102,-100.69857,38554,19529,19025,10886,21829,4688,6.78,16098,65,16272,3.58,13046
Guerrero,Cuajinicuilapa,Cuajinicuilapa,16.47199,-98.41674,26627,13443,13184,8520,15432,2643,7.02,9355,1453,10144,3.58,5503
Guerrero,Cualác,Cualác,17.74276,-98.66073,7874,4098,3776,2709,4433,668,6.81,3038,2964,2796,3.96,866
Guerrero,Cuautepec,Cuautepec,16.749,-99.00155,17024,8755,8269,5649,9744,1620,7.19,6340,173,5353,3.88,3775
Guerrero,Cuetzala del Progreso,Cuetzala del Progreso,18.13414,-99.83149,8272,4180,4092,2258,4759,1255,6.13,3135,294,3976,3.42,3123
Guerrero,Cutzamala de Pinzón,Cutzamala de Pinzón,18.46524,-100.57851,20537,10349,10188,5626,12103,2802,5.94,8225,10,9624,3.31,9595
Guerrero,Eduardo Neri,Zumpango del Río,17.6532,-99.52594,53126,27401,25725,16241,32799,4083,7.96,24264,7128,16461,4.25,13753
Guerrero,Florencio Villarreal,Cruz Grande,16.72388,-99.12379,22250,11343,10907,7072,13120,2058,8.19,9805,288,7536,3.86,5610
Guerrero,General Canuto A. Neri,Acapetlahuaya,18.41848,-100.07205,6278,3223,3055,1981,3472,825,6.59,2723,9,2221,3.91,2457
Guerrero,General Heliodoro Castillo,Tlacotepec,17.78945,-99.97832,37254,19000,18254,14285,20533,2434,6.39,15213,74,10259,4.39,7749
Guerrero,Huamuxtitlán,Huamuxtitlán,17.80217,-98.56529,17488,9196,8292,5378,10426,1684,7.62,7469,2674,6863,3.78,3733
Guerrero,Huitzuco de los Figueroa,Ciudad de Huitzuco,18.30598,-99.3343,36593,19084,17509,9901,21762,4772,7.47,16177,1647,14667,3.47,5112
Guerrero,Iguala de la Independencia,Iguala de la Independencia,18.34455,-99.53837,154173,80237,73936,40150,99958,13869,10.03,77619,2607,58634,3.58,45930
Guerrero,Igualapa,Igualapa,16.74371,-98.47662,11739,6140,5599,3842,6981,916,7.35,4942,2302,3821,3.89,2944
Guerrero,Iliatenco,Iliatenco,17.04553,-98.68581,11679,6113,5566,4048,6746,885,8.5,5370,9075,3909,4.29,2708
Guerrero,Ixcateopan de Cuauhtémoc,Ixcateopan de Cuauhtémoc,18.50245,-99.79357,6138,3140,2998,1585,3721,832,7.49,2757,106,3322,3.64,1045
Guerrero,José Joaquín de Herrera,Hueycantenango,17.44873,-99.02439,18381,9590,8791,7169,10231,981,5.18,4800,15625,5136,4.6,2834
Guerrero,Juan R. Escudero,Tierra Colorada,17.169,-99.52205,26093,13332,12761,7310,16060,2723,7.88,11784,318,9376,3.64,5980
Guerrero,Juchitán,Juchitán,16.62707,-98.63671,7559,3741,3818,2254,4358,947,6.9,2666,327,3048,3.53,1819
Guerrero,La Unión de Isidoro Montes de Oca,Petacalco,17.98049,-102.1094,26349,12988,13361,7284,16119,2946,7.09,11346,44,9736,3.41,5827
Guerrero,Leonardo Bravo,Chichihualco,17.6608,-99.67734,26357,13560,12797,8920,15253,2184,6.91,11528,112,7876,4.1,5216
Guerrero,Malinaltepec,El Rincón (Santa Cruz del Rincón),16.99584,-98.7361,29625,15738,13887,11183,16204,2235,7.77,12406,24283,11238,4.35,5880
Guerrero,Marquelia,Marquelia,16.58331,-98.81785,14280,7253,7027,4301,8644,1335,8.16,6817,514,4853,3.64,3894
Guerrero,Metlatónoc,Metlatónoc,17.19537,-98.4071,18859,10084,8775,8164,9396,1290,4.86,3518,16632,8906,4.8,1482
Guerrero,Mochitlán,Mochitlán,17.47236,-99.37129,12402,6378,6024,3497,7603,1302,8.08,5525,111,4320,3.8,2175
Guerrero,Mártir de Cuilapan,Apango,17.74193,-99.32934,18613,9926,8687,6517,10543,1551,5.73,9542,7115,6750,3.82,4463
Guerrero,Olinalá,Olinalá,17.77833,-98.74126,28446,14937,13509,9867,16201,2373,6.19,12602,10112,8934,4.24,5584
Guerrero,Ometepec,Ometepec,16.68509,-98.40442,68207,35166,33041,21254,42221,4715,8.36,35525,19625,22794,3.94,20044
Guerrero,Pedro Ascencio Alquisiras,Ixcapuzalco,18.51236,-99.88702,7076,3724,3352,2347,4000,729,5.78,1739,5,2449,4.2,753
Guerrero,Petatlán,Petatlán,17.53821,-101.27455,44583,22691,21892,12817,27388,4355,7.96,20924,240,17214,3.43,12800
Guerrero,Pilcaya,Pilcaya,18.74758,-99.67617,12753,6510,6243,3725,7759,1268,7.54,5781,19,4883,3.56,3949
Guerrero,Pungarabato,Ciudad Altamirano,18.36227,-100.66824,38482,19693,18789,10790,24428,3262,8.97,18174,114,14382,3.75,18314
Guerrero,Quechultenango,Quechultenango,17.40917,-99.24083,36143,18795,17348,12129,20722,3292,6.35,14694,4647,12056,4.03,7479
Guerrero,San Luis Acatlán,San Luis Acatlán,16.80858,-98.73361,46270,23627,22643,16205,26865,3199,7.18,21934,23800,13989,4.33,9393
Guerrero,San Marcos,San Marcos,16.79734,-99.39005,50124,25550,24574,14955,30028,5134,7.43,22181,535,19480,3.59,13669
Guerrero,San Miguel Totolapan,San Miguel Totolapan,18.16127,-100.39082,24139,12272,11867,8526,13284,2329,6.47,6188,62,7357,4.2,4947
Guerrero,Taxco de Alarcón,Taxco de Alarcón,18.55738,-99.60459,105586,55221,50365,26575,68583,10420,8.64,54286,2446,37922,3.52,20437
Guerrero,Tecoanapa,Tecoanapa,16.98885,-99.26088,46063,23475,22588,14378,27531,4151,7.82,21602,827,14195,3.98,10201
Guerrero,Teloloapan,Teloloapan,18.37181,-99.86957,53817,28132,25685,16320,31305,6188,7.92,26304,674,20872,3.87,15305
Guerrero,Tepecoacuilco de Trujano,Tepecoacuilco de Trujano,18.28699,-99.46669,30806,15966,14840,8467,18367,3971,7.26,14195,5042,13299,3.49,6199
Guerrero,Tetipac,Tetipac,18.64939,-99.64898,13552,6954,6598,4035,8153,1364,6.78,5644,13,5159,3.62,2612
Guerrero,Tixtla de Guerrero,Tixtla de Guerrero,17.56672,-99.39827,43171,22564,20607,12017,27179,3932,9.21,22142,7864,14357,3.88,11250
Guerrero,Tlacoachistlahuaca,Tlacoachistlahuaca,16.80991,-98.30175,22781,12170,10611,8647,12478,1656,5.04,6638,16535,6823,4.58,6480
Guerrero,Tlacoapa,Tlacoapa,17.25995,-98.74821,10092,5359,4733,3524,5770,798,7.03,3176,7940,3660,3.93,481
Guerrero,Tlalchapa,Tlalchapa,18.40867,-100.47825,11681,5861,5820,3240,6696,1745,7.52,4510,3,4964,3.41,3927
Guerrero,Tlalixtaquilla de Maldonado,Tlalixtaquilla,17.57448,-98.36986,7602,3902,3700,2454,4287,825,6.14,2896,1769,3166,4.01,1582
Guerrero,Tlapa de Comonfort,Tlapa de Comonfort,17.54695,-98.58214,96125,51104,45021,33018,57427,5622,8.22,44159,46111,32358,4.42,27287
Guerrero,Tlapehuala,Tlapehuala,18.23976,-100.54157,22209,11334,10875,6494,13293,2415,8.13,9244,13,8498,3.77,9612
Guerrero,Técpan de Galeana,Técpan de Galeana,17.22261,-100.63238,65237,32836,32401,17244,40567,7416,7.94,33202,500,24982,3.3,17892
Guerrero,Xalpatláhuac,Xalpatláhuac,17.47088,-98.60645,11966,6545,5421,4478,6275,1213,5.09,2872,9612,4061,4.71,1551
Guerrero,Xochihuehuetlán,Xochihuehuetlán,17.90564,-98.48766,7862,4122,3740,2184,4632,1046,6.35,2849,142,3461,3.87,1248
Guerrero,Xochistlahuaca,Xochistlahuaca,16.79242,-98.24247,29891,15631,14260,9494,18157,2145,5.19,14871,25640,9870,3.85,3623
Guerrero,Zapotitlán Tablas,Zapotitlán Tablas,17.42289,-98.78171,12004,6175,5829,4445,6806,750,6.33,4134,9500,4186,3.95,727
Guerrero,Zihuatanejo de Azueta,Zihuatanejo,17.65046,-101.54818,126001,64564,61437,32724,82805,8620,9.29,64981,2331,53085,3.37,30434
Guerrero,Zirándaro,Zirándaro de los Chávez,18.47913,-100.97586,18031,8952,9079,5054,9895,2083,5.53,7296,531,7288,3.46,6205
Guerrero,Zitlala,Zitlala,17.69034,-99.18525,21977,11926,10051,7524,12239,2160,5.81,8769,11487,7630,3.78,4953
Hidalgo,Acatlán,28 de Mayo (Santa Rosa) [Colonia],20.16739,-98.38842,22268,11563,10705,6502,13919,1847,7.35,11462,72,8021,3.79,9798
Hidalgo,Acaxochitlán,Tepepa (Santiago Tepepa),20.1258,-98.17875,46065,24348,21717,15410,27668,2981,6.66,22006,14328,14516,4.41,16447
Hidalgo,Actopan,Actopan,20.26909,-98.9429,61002,31925,29077,15550,40158,5292,9.93,32853,1735,20899,3.74,22369
Hidalgo,Agua Blanca de Iturbide,Agua Blanca de Iturbide,20.3495,-98.35639,10313,5400,4913,2927,6453,933,7.63,4636,59,4170,3.61,3416
Hidalgo,Ajacuba,Ajacuba,20.09252,-99.12213,18872,9764,9108,4561,12425,1886,8.66,9003,62,7146,3.65,6461
Hidalgo,Alfajayucan,Alfajayucan,20.40997,-99.34959,19162,9964,9198,5016,11864,2281,8.15,9859,3887,8104,3.47,6521
Hidalgo,Almoloya,Almoloya,19.70332,-98.40329,12546,6476,6070,3366,8052,1128,8.51,5597,19,4559,3.52,2682
Hidalgo,Apan,Apan,19.71,-98.45194,46681,24393,22288,11525,30831,4323,9.42,22470,98,16113,3.6,13729
Hidalgo,Atitalaquia,Cardonal,20.06061,-99.2316,31525,16044,15481,7463,21550,2512,9.94,14660,145,10764,3.61,8290
Hidalgo,Atlapexco,Atlapexco,21.01711,-98.34819,19812,10301,9511,5235,11938,2630,7.77,7697,13335,6528,3.73,3148
Hidalgo,Atotonilco de Tula,Paseos de la Pradera,19.89697,-99.22705,62470,32056,30414,17287,42090,3048,9.88,29567,789,36898,3.52,17327
Hidalgo,Atotonilco el Grande,Atotonilco el Grande,20.28688,-98.66906,30135,15874,14261,8037,19176,2921,8.17,15469,131,12095,3.59,10029
Hidalgo,Calnali,Calnali,20.89718,-98.58353,16150,8406,7744,4186,9515,2449,7.05,6683,4484,7011,3.41,3214
Hidalgo,Cardonal,Pozuelos,20.49307,-99.05954,19431,10123,9308,5129,12314,1988,8.55,9179,10523,7531,3.72,5363
Hidalgo,Chapantongo,Santa María Amealco,20.2369,-99.54929,12967,6690,6277,3328,8049,1590,7.79,5733,48,6109,3.33,3961
Hidalgo,Chapulhuacán,Chapulhuacán,21.15942,-98.90459,22903,11641,11262,6831,13690,2382,7.34,9655,1488,8362,3.65,4516
Hidalgo,Chilcuautla,Tunititlán,20.2514,-99.24622,18909,9719,9190,4988,12146,1775,8.74,9800,7178,7355,3.66,6330
Hidalgo,Cuautepec de Hinojosa,Cuautepec,20.03547,-98.30974,60421,31555,28866,16814,38652,4932,8.02,28789,229,21130,3.75,24705
Hidalgo,El Arenal,El Arenal,20.22142,-98.91105,19836,10261,9575,5241,12955,1639,9,10161,276,6789,3.77,7157
Hidalgo,Eloxochitlán,Hualula (San Juan Hualula),20.70862,-98.83629,2593,1354,1239,578,1520,495,7.3,786,14,1455,3.06,532
Hidalgo,Emiliano Zapata,Emiliano Zapata,19.65701,-98.54742,15175,7837,7338,3752,9947,1475,9.48,7465,49,5026,3.65,3880
Hidalgo,Epazoyucan,Epazoyucan,20.01802,-98.63621,16285,8406,7879,3869,10917,1494,9.12,7913,120,6663,3.37,5795
Hidalgo,Francisco I. Madero,Tepatepec,20.24519,-99.08889,36248,18952,17296,8654,24168,3423,10.19,17991,589,12629,3.73,10635
Hidalgo,Huasca de Ocampo,Río Seco Puente de Doria,20.20879,-98.4982,17607,9288,8319,5119,10860,1628,7.79,8417,71,6724,3.71,6033
Hidalgo,Huautla,Huautla,21.03139,-98.28682,20673,10812,9861,5248,11720,3705,7.56,9002,13651,7118,3.73,2988
Hidalgo,Huazalingo,San Francisco,21.01925,-98.48623,12766,6571,6195,3786,7588,1392,7.14,4728,9471,3577,4.21,1263
Hidalgo,Huehuetla,Huehuetla,20.46031,-98.07842,22846,11830,11016,6528,13661,2657,6.44,10253,10712,8538,3.62,2894
Hidalgo,Huejutla de Reyes,Huejutla de Reyes,21.13921,-98.4206,126781,65460,61321,37625,77907,11247,8.42,56215,64555,41088,4.02,23699
Hidalgo,Huichapan,Huichapan,20.37531,-99.65118,47425,24645,22780,12082,30672,4654,8.79,22479,636,17933,3.67,13451
Hidalgo,Ixmiquilpan,Ixmiquilpan,20.48487,-99.21877,98654,52214,46440,26528,64587,7530,9.36,53552,34500,36676,3.69,37186
Hidalgo,Jacala de Ledezma,Jacala,21.0083,-99.18857,12290,6430,5860,3026,7647,1617,7.68,5382,63,5881,3.26,1662
Hidalgo,Jaltocán,Jaltocán,21.13313,-98.53832,10523,5385,5138,2856,6412,1250,7.25,4575,7417,3584,3.84,1136
Hidalgo,Juárez Hidalgo,San Lorenzo Itztacoyotla,20.82238,-98.8168,2895,1525,1370,701,1718,476,7.29,858,41,1472,3.03,738
Hidalgo,La Misión,La Misión,21.09942,-99.12319,9819,5062,4757,2599,5874,1346,6.16,3969,42,4256,3.35,1145
Hidalgo,Lolotla,Ixtlahuaco,20.88363,-98.70335,9474,4897,4577,2741,5537,1196,7.7,3506,2137,3491,3.64,1701
Hidalgo,Metepec,Metepec,20.23841,-98.32216,13078,6893,6185,3843,8251,984,8.12,5914,147,4265,4,5788
Hidalgo,Metztitlán,Metztitlán,20.5947,-98.76414,20962,10888,10074,5074,13180,2708,7.53,9658,2521,9490,3.36,6998
Hidalgo,Mineral de la Reforma,La Providencia Siglo XXI,20.06483,-98.71945,202749,106490,96259,46226,145508,10578,11.7,109231,4346,97588,3.17,59328
Hidalgo,Mineral del Chico,Benito Juárez,20.1618,-98.82634,8878,4577,4301,2416,5665,794,8.31,4521,59,3657,3.5,3219
Hidalgo,Mineral del Monte,Mineral del Monte,20.14049,-98.67153,14324,7507,6817,3288,9752,1279,9.76,6976,41,4815,3.88,5137
Hidalgo,Mixquiahuala de Juárez,Mixquiahuala de Juárez,20.22938,-99.2138,47222,24597,22625,11520,31742,3942,9.74,24493,578,15631,3.71,12763
Hidalgo,Molango de Escamilla,Molango de Escamilla,20.7865,-98.73081,11578,5893,5685,3059,6985,1534,8.58,5139,108,4870,3.42,1695
Hidalgo,Nicolás Flores,Bocua,20.72293,-99.16539,6265,3229,3036,1751,3710,804,7.77,2401,3193,2624,3.5,1106
Hidalgo,Nopala de Villagrán,San Sebastián Tenochtitlán,20.28006,-99.68825,16948,8711,8237,4068,10618,2260,8.02,8329,50,7434,3.29,4405
Hidalgo,Omitlán de Juárez,San Antonio el Paso,20.14764,-98.61626,9295,4873,4422,2481,6008,806,8.44,4301,28,3415,3.71,3505
Hidalgo,Pachuca de Soto,Pachuca de Soto,20.12236,-98.737,314331,164772,149559,64957,218928,28212,11.52,166559,10168,124339,3.34,99443
Hidalgo,Pacula,Jiliapan,20.98254,-99.34452,4748,2518,2230,1236,2808,704,6.58,1486,134,2474,3.32,1364
Hidalgo,Pisaflores,Pisaflores,21.19478,-99.006,18723,9614,9109,6653,10257,1813,7.04,7394,179,6267,3.84,3091
Hidalgo,Progreso de Obregón,Progreso de Obregón,20.2482,-99.18936,23641,12476,11165,5631,15802,2205,10.17,11663,363,8031,3.75,7674
Hidalgo,San Agustín Metzquititlán,Mezquititlán,20.5326,-98.63862,9449,4867,4582,2140,6086,1223,8.3,4105,44,3906,3.33,3075
Hidalgo,San Agustín Tlaxiaca,San Agustín Tlaxiaca,20.11566,-98.88678,38891,19941,18950,9500,26148,3235,9.36,20095,310,14153,3.74,15445
Hidalgo,San Bartolo Tutotepec,San Bartolo Tutotepec,20.39914,-98.20206,17699,8962,8737,4882,10756,2061,6.46,8456,5037,6739,3.52,1855
Hidalgo,San Felipe Orizatlán,San Felipe Orizatlán,21.17094,-98.60782,38492,19764,18728,11269,22882,4341,6.87,16688,20451,13448,3.76,8939
Hidalgo,San Salvador,San Antonio Zaragoza,20.25494,-98.99862,36796,18927,17869,9289,24031,3476,9.6,18739,7068,12948,3.75,10666
Hidalgo,Santiago Tulantepec de Lugo Guerrero,Santiago Tulantepec,20.03919,-98.35701,39561,20915,18646,10098,26576,2860,9.48,19449,401,14169,3.55,15106
Hidalgo,Santiago de Anaya,Santiago de Anaya,20.38258,-98.96395,18329,9383,8946,4799,11835,1695,9,9234,7657,7041,3.63,4673
Hidalgo,Singuilucan,Singuilucan,19.9675,-98.51722,15142,7763,7379,4112,9624,1406,8.01,6486,31,5367,3.7,7167
Hidalgo,Tasquillo,Tasquillo,20.55177,-99.31256,17441,9295,8146,4306,11217,1913,8.72,7886,5750,7953,3.42,5355
Hidalgo,Tecozautla,Tecozautla,20.53387,-99.63492,38010,19873,18137,10209,24375,3420,7.89,18159,2764,14162,3.71,9524
Hidalgo,Tenango de Doria,Tenango de Doria,20.33806,-98.22673,17503,9108,8395,5133,10600,1770,7.23,8211,4364,6462,3.74,2194
Hidalgo,Tepeapulco,Fray Bernardino de Sahagún (Ciudad Sahagún),19.77271,-98.5819,56245,29305,26940,12392,38015,5820,10.24,27296,292,20610,3.41,15701
Hidalgo,Tepehuacán de Guerrero,Texcapa,21.09223,-98.85378,31235,15667,15568,10790,17872,2573,6.46,11153,10139,9235,4.16,2308
Hidalgo,Tepeji del Río de Ocampo,Tepeji del Río de Ocampo,19.90522,-99.34181,90546,46484,44062,23195,60838,6478,9.24,44815,2823,30537,3.67,23557
Hidalgo,Tepetitlán,Sayula Pueblo,20.20007,-99.39752,10830,5575,5255,2572,7000,1258,8.77,5151,226,4771,3.32,2741
Hidalgo,Tetepango,Tetepango,20.10266,-99.15612,11768,6028,5740,2901,7930,932,9.06,5263,31,3960,3.81,3876
Hidalgo,Tezontepec de Aldama,Presas,20.16055,-99.25289,55134,28045,27089,14575,36480,4077,9.15,28468,230,18452,3.71,17958
Hidalgo,Tianguistengo,Tianguistengo,20.72821,-98.63085,14340,7322,7018,4185,8417,1738,6.72,5354,4559,5842,3.56,2512
Hidalgo,Tizayuca,Tizayuca,19.84109,-98.98158,168302,86255,82047,46159,113995,8081,10.23,82520,2676,87237,3.54,59196
Hidalgo,Tlahuelilpan,Tlahuelilpan,20.13063,-99.23468,19067,9763,9304,4816,12806,1439,9.37,9431,116,5936,3.88,6508
Hidalgo,Tlahuiltepa,Buenavista,20.99136,-98.97503,9086,4675,4411,2312,5381,1393,6.43,3584,48,4274,3.17,1770
Hidalgo,Tlanalapa,Tlanalapa,19.81789,-98.60391,11113,5747,5366,2483,7513,1117,10.25,5098,16,3982,3.49,3023
Hidalgo,Tlanchinol,Tlanchinol,20.98935,-98.66028,37722,19245,18477,11867,22451,3402,7.3,14108,16061,11663,3.95,3480
Hidalgo,Tlaxcoapan,Tlaxcoapan,20.09161,-99.22159,28626,14720,13906,6912,19499,2210,9.39,14109,94,8012,4.07,11201
Hidalgo,Tolcayuca,Tolcayuca,19.95659,-98.92176,21362,11058,10304,5529,14327,1504,9.55,10196,196,9940,3.54,7131
Hidalgo,Tula de Allende,Tula de Allende,20.05522,-99.34319,115107,59519,55588,26838,78212,9974,10.12,57244,584,43010,3.44,31170
Hidalgo,Tulancingo de Bravo,Tulancingo,20.0806,-98.36807,168369,88602,79767,42768,112647,12867,9.61,87974,4540,59262,3.65,75227
Hidalgo,Villa de Tezontepec,Tezontepec,19.87986,-98.81929,13032,6706,6326,3335,8755,942,9.16,6645,47,4484,3.78,5779
Hidalgo,Xochiatipan,Ohuatipa,20.89253,-98.26208,18260,9417,8843,5632,10590,2038,6.25,7455,15808,5501,4.18,1657
Hidalgo,Xochicoatlán,Xochicoatlán,20.77685,-98.67972,7015,3561,3454,1617,4279,1119,8,2844,82,3339,3.18,1288
Hidalgo,Yahualica,Santa Teresa,20.8905,-98.38355,24674,12614,12060,7373,14611,2686,6.41,9380,18557,7743,3.93,2842
Hidalgo,Zacualtipán de Ángeles,Zacualtipán,20.64518,-98.65363,38155,20018,18137,10354,25037,2763,8.7,18912,1774,13346,3.6,14991
Hidalgo,Zapotlán de Juárez,Acayuca,20.03052,-98.84231,21443,11101,10342,5221,14391,1830,9.27,11181,228,7808,3.66,9018
Hidalgo,Zempoala,Privadas Santa Matilde,20.02041,-98.78939,57906,30000,27906,13943,39589,4366,10.65,29180,490,31807,3.31,20884
Hidalgo,Zimapán,Zimapán,20.73807,-99.38311,39927,21028,18899,10621,25312,3994,8.78,17060,4266,15807,3.62,15016
Jalisco,Acatic,Acatic,20.77944,-102.90528,23175,11792,11383,6733,14458,1984,7.29,11515,12,8750,3.61,7963
Jalisco,Acatlán de Juárez,Acatlán de Juárez,20.42139,-103.58722,25250,12006,13244,7487,15866,1893,9.23,10912,648,7997,3.71,6336
Jalisco,Ahualulco de Mercado,Ahualulco de Mercado,20.70056,-103.975,23630,11846,11784,6004,15234,2368,9.52,11710,159,8386,3.58,5203
Jalisco,Amacueca,Amacueca,20.01056,-103.59611,5743,2967,2776,1611,3488,644,8.34,2480,12,2284,3.6,1448
Jalisco,Amatitán,Amatitán,20.835,-103.73,16490,8306,8184,4745,10546,1198,9.2,7625,145,5097,3.9,5082
Jalisco,Ameca,Ameca,20.54861,-104.04306,60386,30822,29564,14856,38559,6970,9.06,29067,153,23046,3.45,13885
Jalisco,Arandas,Arandas,20.70556,-102.34028,80609,41117,39492,21867,52889,5853,8.1,41838,259,29956,3.53,32187
Jalisco,Atemajac de Brizuela,Atemajac de Brizuela,20.13945,-103.72454,7758,3911,3847,2529,4630,599,7.64,2904,11,2641,4.26,3864
Jalisco,Atengo,Soyatlán del Oro,20.30609,-104.28096,5599,2766,2833,1524,3300,775,7.66,1961,3,2314,3.66,1384
Jalisco,Atenguillo,Atenguillo,20.41472,-104.4925,4176,2121,2055,973,2578,625,8.05,1746,3,1903,3.19,575
Jalisco,Atotonilco el Alto,Atotonilco el Alto,20.55056,-102.50417,64009,32438,31571,17840,40743,5425,8.24,31024,71,21920,3.66,18141
Jalisco,Atoyac,Atoyac,20.01056,-103.51639,8689,4475,4214,2195,5366,1128,7.43,3989,18,3585,3.42,2006
Jalisco,Autlán de Navarro,Autlán de Navarro,19.77139,-104.36528,64931,33045,31886,16486,42227,6188,9.74,32845,718,24636,3.41,11962
Jalisco,Ayotlán,Ayotlán,20.52806,-102.32833,41552,21188,20364,12547,25429,3572,7.07,18996,48,14392,3.87,20735
Jalisco,Ayutla,Ayutla,20.12917,-104.34778,12880,6466,6414,3523,7703,1654,8.14,5795,6,5338,3.63,3189
Jalisco,Bolaños,Tuxpan de Bolaños,21.87483,-104.01322,7043,3541,3502,2805,3845,393,7.21,1447,4026,2419,4.19,1170
Jalisco,Cabo Corrientes,El Tuito,20.31833,-105.32389,10940,5296,5644,3111,6595,1234,7.71,5456,24,4674,3.44,2096
Jalisco,Casimiro Castillo,La Resolana,19.60361,-104.43472,20548,10354,10194,5522,12742,2281,8.13,9608,42,8239,3.29,2702
Jalisco,Cañadas de Obregón,Cañadas de Obregón,21.14861,-102.68528,4388,2197,2191,1098,2616,674,6.83,1707,8,2402,3.14,888
Jalisco,Chapala,Chapala,20.29333,-103.18972,55196,28381,26815,13428,33253,8496,9.96,26183,102,22868,3.36,24369
Jalisco,Chimaltitán,Chimaltitán,21.77887,-103.78071,3270,1646,1624,1122,1748,400,6.71,910,79,1332,3.66,1185
Jalisco,Chiquilistlán,Chiquilistlán,20.08861,-103.85806,5983,3008,2975,1916,3490,577,7.94,2355,3,2187,4.08,1082
Jalisco,Cihuatlán,Cihuatlán,19.23834,-104.563,40139,20160,19979,11392,25396,3351,8.43,20220,632,16334,3.48,11568
Jalisco,Cocula,Cocula,20.3675,-103.82417,29267,14872,14395,7630,18167,3470,8.61,13750,42,11676,3.59,7189
Jalisco,Colotlán,Colotlán,22.11722,-103.26472,19689,10207,9482,4971,12730,1988,9.7,9230,561,8356,3.42,5363
Jalisco,Concepción de Buenos Aires,Concepción de Buenos Aires,19.97861,-103.25722,6334,3136,3198,1618,3980,732,7.56,2889,9,2916,3.42,1470
Jalisco,Cuautitlán de García Barragán,Cuautitlán de García Barragán,19.44972,-104.35694,18370,9023,9347,5456,11065,1848,7.34,8417,298,6586,3.7,2935
Jalisco,Cuautla,Cuautla,20.20139,-104.4075,2166,1109,1057,526,1293,347,7.46,852,1,1246,3.19,299
Jalisco,Cuquío,Cuquío,20.9275,-103.02389,17820,9165,8655,4785,11003,2032,7.27,7156,3,7329,3.62,4742
Jalisco,Degollado,Degollado,20.4475,-102.135,21226,10963,10263,6084,12945,2197,7.15,9264,39,9462,3.57,11848
Jalisco,Ejutla,Ejutla,19.90639,-104.16194,1981,974,1007,443,1158,380,7.8,786,0,1100,2.97,344
Jalisco,El Arenal,El Arenal,20.77611,-103.69389,21115,10770,10345,6154,13473,1485,9.28,9586,103,8977,3.72,6165
Jalisco,El Grullo,El Grullo,19.8075,-104.21556,25920,13294,12626,6820,16409,2682,9.22,13194,314,9594,3.47,6458
Jalisco,El Limón,El Limón,19.82444,-104.15222,5368,2698,2670,1145,3232,991,8.46,2446,3,3033,2.99,792
Jalisco,El Salto,Las Pintas,20.57639,-103.32111,232852,111162,121690,65557,157211,9906,8.92,111997,1283,80505,3.72,77635
Jalisco,Encarnación de Díaz,Encarnación de Díaz,21.52444,-102.23306,53039,27472,25567,14969,33370,4700,7.68,25385,38,19519,3.68,17811
Jalisco,Etzatlán,Etzatlán,20.76722,-104.07833,20011,10227,9784,5453,12526,2032,9.42,9762,18,6910,3.71,4023
Jalisco,Guachinango,Guachinango,20.57639,-104.37722,4199,2045,2154,1043,2500,636,7.77,1505,5,2035,3.3,1176
Jalisco,Guadalajara,Guadalajara,20.67639,-103.34222,1385629,718632,666997,272081,940751,168417,10.96,747410,4150,454874,3.46,408824
Jalisco,Gómez Farías,San Sebastián del Sur,19.79444,-103.47306,16431,8353,8078,4517,10545,1368,8.41,7954,147,5089,4.16,4147
Jalisco,Hostotipaquillo,Hostotipaquillo,21.05806,-104.05028,8732,4364,4368,2520,5291,921,7.5,3561,18,3209,3.79,1514
Jalisco,Huejuquilla el Alto,Huejuquilla el Alto,22.62861,-103.89417,10015,5177,4838,3120,5656,1239,7.71,3895,840,4341,3.72,1815
Jalisco,Huejúcar,Huejúcar,22.36222,-103.21167,5920,3013,2907,1418,3526,976,7.76,2278,10,3106,3.33,1923
Jalisco,Ixtlahuacán de los Membrillos,Los Freseros (Los Sabinos),20.42137,-103.18581,67969,34547,33422,20689,43982,3295,9.01,33290,301,34492,3.44,20989
Jalisco,Ixtlahuacán del Río,Ixtlahuacán del Río,20.86417,-103.23917,20465,10489,9976,5844,12421,2200,7.6,9239,27,8208,3.55,8566
Jalisco,Jalostotitlán,Jalostotitlán,21.16861,-102.46111,32678,16666,16012,9244,20494,2940,7.96,15728,18,12314,3.64,14056
Jalisco,Jamay,Jamay,20.2945,-102.70972,24894,12430,12464,6959,15734,2157,8.28,11223,97,8321,3.94,7237
Jalisco,Jesús María,Jesús María,20.6075,-102.22,18982,10108,8874,5310,11642,2030,6.5,8773,55,9309,3.49,8969
Jalisco,Jilotlán de los Dolores,Jilotlán de los Dolores,19.37056,-103.01972,9425,4372,5053,2613,5927,885,6.39,4427,54,3638,3.43,3645
Jalisco,Jocotepec,Jocotepec,20.28444,-103.42528,47105,23876,23229,13827,29069,4189,8.27,23572,296,16899,4.24,19215
Jalisco,Juanacatlán,La Aurora,20.56746,-103.14223,30855,15596,15259,9832,19492,1526,9.1,14290,37,12428,3.54,8551
Jalisco,Juchitlán,Juchitlán,20.08386,-104.09625,5534,2865,2669,1569,3186,779,7.98,2204,14,2627,3.45,1025
Jalisco,La Barca,La Barca,20.29028,-102.54194,67937,35086,32851,18713,42583,6640,8.4,31182,96,23597,3.83,22226
Jalisco,La Huerta,La Huerta,19.485,-104.64333,23258,11632,11626,6490,14220,2548,7.89,11643,202,10270,3.32,4470
Jalisco,La Manzanilla de la Paz,La Manzanilla de la Paz,20.00444,-103.15,4099,2097,2002,996,2575,528,7.95,1722,4,1924,3.28,1482
Jalisco,Lagos de Moreno,Lagos de Moreno,21.35639,-101.92917,172403,88426,83977,48900,111416,12049,8.94,86038,111,59151,3.82,43824
Jalisco,Magdalena,Magdalena,20.90639,-103.97611,21781,11192,10589,6441,13341,1999,8.79,9655,28,7377,3.72,3994
Jalisco,Mascota,Mascota,20.52556,-104.78222,14451,7412,7039,3608,8903,1936,8.92,7015,52,6179,3.34,2897
Jalisco,Mazamitla,Mazamitla,19.91722,-103.02028,14043,7283,6760,3945,8823,1272,8.46,6929,36,7270,3.82,5139
Jalisco,Mexticacán,Mexticacán,21.26306,-102.77778,5307,2860,2447,1396,3107,804,7.25,2000,0,3159,3.25,710
Jalisco,Mezquitic,Mezquitic,22.39,-103.72812,22083,11468,10615,9454,11332,1296,5.94,3484,16102,6767,4.45,2288
Jalisco,Mixtlán,Mixtlán,20.44056,-104.40889,3638,1821,1817,905,2215,518,7.66,1502,2,1718,3.37,937
Jalisco,Ocotlán,Ocotlán,20.35139,-102.76806,106050,54275,51775,27855,69196,8991,9.42,52863,162,35689,3.64,24919
Jalisco,Ojuelos de Jalisco,Ojuelos de Jalisco,21.86417,-101.59333,33588,17330,16258,10713,20344,2530,7.74,14670,23,10804,4.05,8840
Jalisco,Pihuamo,Pihuamo,19.25244,-103.37504,11386,5712,5674,2925,6945,1516,6.89,5070,20,5191,3.19,2840
Jalisco,Poncitlán,Poncitlán,20.38139,-102.92417,53659,27279,26380,17605,32105,3890,8.18,24287,37,16457,4.33,17565
Jalisco,Puerto Vallarta,Puerto Vallarta,20.61361,-105.22722,291839,145652,146187,72070,201344,18347,10.31,163237,3069,118295,3.36,75826
Jalisco,Quitupan,Quitupan,19.92765,-102.87215,7734,4057,3677,1859,4598,1277,6.24,3263,3,4818,3.22,3491
Jalisco,San Cristóbal de la Barranca,San Cristóbal de la Barranca,21.04444,-103.42917,2924,1459,1465,841,1732,351,6.84,995,106,1214,3.58,1151
Jalisco,San Diego de Alejandría,San Diego de Alejandría,20.99306,-101.99361,7609,3870,3739,2289,4592,728,7.24,3499,10,2767,3.84,1965
Jalisco,San Gabriel,San Gabriel,19.74778,-103.76646,16548,8351,8197,4675,10141,1731,7.87,7375,441,5615,3.64,3811
Jalisco,San Ignacio Cerro Gordo,San Ignacio Cerro Gordo,20.74306,-102.53611,18341,9427,8914,5555,11222,1536,6.97,8265,46,6732,3.74,8485
Jalisco,San Juan de los Lagos,San Juan de los Lagos,21.24778,-102.33278,72230,36502,35728,20967,46105,5101,8.25,36700,79,23848,3.86,24000
Jalisco,San Juanito de Escobedo,San Juanito de Escobedo,20.80047,-104.00099,9433,4713,4720,2578,5775,1080,8.67,4092,9,3718,3.54,1426
Jalisco,San Julián,San Julián,21.00972,-102.18083,16792,8741,8051,4588,10554,1650,7.54,7856,10,6311,3.5,6313
Jalisco,San Marcos,San Marcos,20.79,-104.1975,3791,1898,1893,1028,2279,484,9.04,1483,5,1524,3.67,855
Jalisco,San Martín Hidalgo,San Martín Hidalgo,20.435,-103.92861,28102,14301,13801,6908,17421,3773,9.01,12475,17,11909,3.45,9283
Jalisco,San Martín de Bolaños,San Martín de Bolaños,21.68356,-103.8142,3095,1585,1510,937,1765,386,7.35,999,157,1341,3.57,465
Jalisco,San Miguel el Alto,San Miguel el Alto,21.03056,-102.39806,31965,16416,15549,8847,20133,2985,7.76,16246,41,11707,3.62,11704
Jalisco,San Pedro Tlaquepaque,Tlaquepaque,20.63861,-103.30722,687127,348283,338844,175311,464129,43111,10.18,357168,3194,209978,3.7,204413
Jalisco,San Sebastián del Oeste,San Felipe de Híjar,20.90146,-104.72185,5086,2451,2635,1292,3051,743,7.54,2250,11,2482,3.22,797
Jalisco,Santa María de los Ángeles,Santa María de los Ángeles,22.17333,-103.22306,3515,1799,1716,843,2067,605,7.14,1191,3,1829,3.25,722
Jalisco,Santa María del Oro,Santa María del Oro,19.5875,-102.90833,1815,901,914,405,1145,265,6.17,663,0,890,3.17,250
Jalisco,Sayula,Sayula,19.88361,-103.59722,37186,19202,17984,9946,23974,3266,9.31,18078,318,11563,3.9,8452
Jalisco,Tala,Tala,20.6525,-103.70278,87690,44173,43517,24164,57324,6171,8.93,44064,1038,36348,3.52,21232
Jalisco,Talpa de Allende,Talpa de Allende,20.38139,-104.81806,14997,7503,7494,3966,9242,1789,8.18,7640,26,5748,3.41,2938
Jalisco,Tamazula de Gordiano,Tamazula de Gordiano,19.67639,-103.25,38955,19835,19120,9664,24501,4790,8.01,18006,212,15963,3.33,7280
Jalisco,Tapalpa,Tapalpa,19.94556,-103.75417,21245,10684,10561,6815,13165,1265,7.75,9664,284,7764,4.35,10389
Jalisco,Tecalitlán,Tecalitlán,19.46944,-103.30667,16705,8449,8256,4297,10360,2048,7.96,7938,25,6462,3.39,3781
Jalisco,Techaluta de Montenegro,Techaluta de Montenegro,20.07417,-103.55167,4072,2061,2011,1120,2473,479,8.16,1427,19,1511,3.72,305
Jalisco,Tecolotlán,Tecolotlán,20.20361,-104.045,16603,8372,8231,4280,10166,2157,8.49,7807,17,7419,3.32,3051
Jalisco,Tenamaxtlán,Tenamaxtlán,20.21861,-104.16028,7302,3728,3574,1760,4478,1064,8.56,3330,23,3374,3.22,1855
Jalisco,Teocaltiche,Teocaltiche,21.43444,-102.57028,39839,20680,19159,11092,24607,4091,7.57,18412,37,15816,3.6,13743
Jalisco,Teocuitatlán de Corona,Teocuitatlán de Corona,20.09333,-103.38,11039,5544,5495,2554,6843,1641,7.52,4970,90,5081,3.34,2726
Jalisco,Tepatitlán de Morelos,Tepatitlán de Morelos,20.8175,-102.75722,150190,76480,73710,40338,98299,11496,8.84,78547,250,52997,3.66,42785
Jalisco,Tequila,Tequila,20.87944,-103.83565,44353,22462,21891,12765,28328,3257,9.23,21120,94,13555,3.97,14174
Jalisco,Teuchitlán,Teuchitlán,20.68528,-103.84917,9647,4938,4709,2382,6127,1138,8.63,4083,15,3822,3.56,1754
Jalisco,Tizapán el Alto,Tizapán el Alto,20.15861,-103.03917,22758,11579,11179,6495,13862,2373,7.51,10427,46,8971,3.59,11529
Jalisco,Tlajomulco de Zúñiga,Hacienda Santa Fe,20.51806,-103.38056,727750,367408,360342,215808,485534,26105,10.11,370745,4052,304504,3.42,210332
Jalisco,Tolimán,Cópala,19.61056,-103.76694,11219,5654,5565,3370,6727,1122,7.57,4783,419,3415,3.98,2656
Jalisco,Tomatlán,Tomatlán,19.94152,-105.24527,36316,17872,18444,10557,22089,3628,7.76,18094,618,13759,3.5,6101
Jalisco,Tonalá,Tonalá,20.62333,-103.24556,569913,288218,281695,152833,383947,28914,9.75,294989,1413,175986,3.78,201707
Jalisco,Tonaya,Tonaya,19.78417,-103.97083,5961,3063,2898,1373,3726,862,8.11,2832,2,2619,3.29,1224
Jalisco,Tonila,San Marcos,19.44611,-103.50639,7565,3796,3769,1848,4793,924,8.33,3285,61,3058,3.5,1260
Jalisco,Totatiche,Temastián (La Cantera),21.97711,-103.52433,4180,2065,2115,1035,2398,747,7.8,1576,47,2343,3.13,920
Jalisco,Tototlán,Tototlán,20.54361,-102.78922,23573,12011,11562,6595,14723,2209,7.75,10899,13,8528,3.63,6624
Jalisco,Tuxcacuesco,Tuxcacuesco,19.69722,-103.98359,5482,2698,2784,1536,3336,609,7.12,2230,300,1876,3.57,753
Jalisco,Tuxcueca,San Luis Soyatlán,20.195,-103.30222,6702,3455,3247,2024,3931,747,8.03,3002,6,2832,3.82,2670
Jalisco,Tuxpan,Tuxpan,19.55444,-103.37222,37518,19166,18352,9956,23844,3714,9.08,17885,491,11978,3.87,7839
Jalisco,Unión de San Antonio,Unión de San Antonio,21.12806,-102.00722,19069,9746,9323,5467,11877,1725,7.15,9233,3,6996,3.86,6230
Jalisco,Unión de Tula,Unión de Tula,19.95444,-104.26444,13799,7115,6684,3569,8355,1875,8.76,6139,15,6050,3.34,3485
Jalisco,Valle de Guadalupe,Valle de Guadalupe,21.0106,-102.61777,6627,3358,3269,1830,4124,673,8.11,3125,0,2644,3.56,1966
Jalisco,Valle de Juárez,Valle de Juárez,19.93361,-102.94028,6151,3161,2990,1543,3758,850,7.63,2843,4,3012,3.27,3082
Jalisco,Villa Corona,Villa Corona,20.41639,-103.66139,19063,9573,9490,5193,11847,2023,8.33,8279,269,7463,3.66,4695
Jalisco,Villa Guerrero,Villa Guerrero,21.98306,-103.59667,5525,2763,2762,1629,3121,775,7.43,2284,333,2501,3.33,1258
Jalisco,Villa Hidalgo,Villa Hidalgo,21.67444,-102.58528,20088,10418,9670,5822,12587,1678,7.65,9523,8,7962,3.58,10666
Jalisco,Villa Purificación,Villa Purificación,19.71917,-104.605,11303,5608,5695,3159,6594,1550,7.47,5412,48,5333,3.29,2512
Jalisco,Yahualica de González Gallo,Yahualica de González Gallo,21.1825,-102.88722,22394,11681,10713,5419,13894,3081,7.82,10609,15,11251,3.22,5570
Jalisco,Zacoalco de Torres,Zacoalco de Torres,20.22861,-103.56528,30472,15110,15362,8180,19062,3225,8.45,14388,226,10268,3.87,9745
Jalisco,Zapopan,Zapopan,20.72096,-103.38899,1476491,755899,720592,328031,998273,113576,11.47,781705,14413,494654,3.46,406331
Jalisco,Zapotiltic,Zapotiltic,19.62556,-103.4125,33713,17086,16627,8521,21920,3262,8.8,16157,719,11584,3.65,8508
Jalisco,Zapotitlán de Vadillo,Zapotitlán de Vadillo,19.54814,-103.81271,7466,3692,3774,2138,4474,854,8.33,3142,19,2790,3.8,1764
Jalisco,Zapotlanejo,Zapotlanejo,20.6225,-103.06417,64806,32924,31882,18415,41132,5257,7.86,33842,57,24167,3.6,33418
Jalisco,Zapotlán del Rey,Zapotlán del Rey,20.46639,-102.92611,19279,9780,9499,5359,12145,1775,7.36,8632,17,6798,3.73,6190
Jalisco,Zapotlán el Grande,Ciudad Guzmán,19.70861,-103.46417,115141,58953,56188,26691,78440,9989,10.55,60735,862,38063,3.61,24185
Michoacán,Acuitzio,Acuitzio del Canje,19.49625,-101.33285,11301,5808,5493,3123,7062,1115,7.84,5253,21,4013,3.86,4794
Michoacán,Aguililla,Aguililla,18.73423,-102.78838,14754,7419,7335,4463,8256,1688,6.09,6482,117,6329,3.4,7529
Michoacán,Angamacutiro,Angamacutiro de la Unión,20.14965,-101.70831,14943,7748,7195,3789,9152,2002,6.78,6864,10,6297,3.59,4347
Michoacán,Angangueo,Mineral de Angangueo,19.61983,-100.28551,10892,5618,5274,3317,6600,975,8.2,3994,5,3707,4.11,3854
Michoacán,Apatzingán,Apatzingán de la Constitución,19.08723,-102.35526,126191,64038,62153,37128,79530,9516,7.93,63356,1284,42788,3.66,54088
Michoacán,Aporo,Aporo,19.67084,-100.41113,3529,1862,1667,1039,2178,312,8.04,1298,3,1269,3.98,1104
Michoacán,Aquila,Aquila,18.59914,-103.50475,24676,12247,12429,8678,13937,2047,6.83,11035,8584,7540,4.16,5051
Michoacán,Ario,Ario de Rosales,19.20781,-101.70939,36268,18436,17832,10759,22187,3080,7.59,17038,68,11548,3.87,17322
Michoacán,Arteaga,Arteaga,18.35569,-102.29006,20332,10274,10058,5831,12372,2117,7.54,9151,15,7680,3.52,4047
Michoacán,Briseñas,Briseñas de Matamoros,20.27123,-102.56106,11681,6011,5670,3301,7177,1203,7.72,4578,10,4178,3.73,3432
Michoacán,Buenavista,Buenavista Tomatlán,19.21174,-102.58789,45538,22531,23007,13789,28286,3461,6.4,24974,1553,15923,3.58,22987
Michoacán,Carácuaro,Carácuaro de Morelos,19.01731,-101.12699,9176,4565,4611,3033,5115,1028,6.62,3760,6,3513,3.58,1717
Michoacán,Charapan,Charapan,19.65017,-102.25274,13539,7103,6436,3883,8379,1277,6.86,6300,6309,4804,3.76,4185
Michoacán,Charo,Charo,19.74667,-101.04631,25138,11516,13622,6335,16601,2202,7.14,12332,63,7695,3.93,12623
Michoacán,Chavinda,Chavinda,20.00694,-102.45858,10417,5349,5068,2637,6391,1389,6.58,4730,45,4915,3.43,5178
Michoacán,Cherán,Cherán,19.68765,-101.95482,20586,10633,9953,6514,12370,1666,8.3,9550,4020,6786,4.27,5775
Michoacán,Chilchota,Chilchota,19.84921,-102.11944,40560,20897,19663,11883,25639,3008,7.71,20519,21212,12093,4.26,18706
Michoacán,Chinicuila,Villa Victoria,18.75817,-103.3678,4773,2289,2484,1489,2774,510,6.75,1692,176,1904,3.53,783
Michoacán,Chucándiro,Chucándiro,19.89996,-101.33339,4944,2557,2387,1080,2999,865,6.16,1942,1,2850,3.38,1366
Michoacán,Churintzio,Churintzio,20.15096,-102.06592,5233,2706,2527,1137,3094,1002,7.29,2182,9,3788,3.1,1526
Michoacán,Churumuco,Churumuco de Morelos,18.66456,-101.64655,12342,6328,6014,3939,7119,1282,6.6,4904,3,4352,3.88,2384
Michoacán,Coahuayana,Coahuayana de Hidalgo,18.70247,-103.66293,17022,8298,8724,5137,10366,1519,7.23,8034,234,5890,3.59,4918
Michoacán,Coalcomán de Vázquez Pallares,Coalcomán de Vázquez Pallares,18.7771,-103.15955,19633,9843,9790,5899,11741,1898,7.16,8896,98,7308,3.64,5088
Michoacán,Coeneo,Coeneo de la Libertad,19.82098,-101.58375,20965,11042,9923,5023,12602,3340,6.96,9114,3949,10367,3.54,9947
Michoacán,Cojumatlán de Régules,Cojumatlán de Régules,20.119,-102.85101,10553,5232,5321,2870,6452,1231,6.65,4670,8,4326,3.58,3992
Michoacán,Contepec,Contepec,19.95527,-100.16446,35070,18126,16944,11041,21023,3006,7.11,16913,35,12432,3.83,14416
Michoacán,Copándaro,Copándaro de Galeana,19.89382,-101.21531,9484,4891,4593,2579,5899,1006,7.06,3527,7,3572,3.94,4463
Michoacán,Cotija,Cotija de la Paz,19.81029,-102.70582,20198,10418,9780,5469,12315,2414,6.83,8913,44,9212,3.4,9292
Michoacán,Cuitzeo,Cuitzeo del Porvenir,19.96821,-101.13958,29910,15606,14304,8066,18658,3186,7.32,13338,19,10299,4.06,13291
Michoacán,Ecuandureo,Ecuandureo,20.16262,-102.19457,11850,6299,5551,2547,7281,2022,6.44,4917,7,6358,3.24,5173
Michoacán,Epitacio Huerta,Epitacio Huerta,20.13469,-100.29372,16112,8343,7769,4838,9481,1793,6.55,7006,29,6764,3.49,6925
Michoacán,Erongarícuaro,Jarácuaro,19.56083,-101.6775,15715,8085,7630,4386,9446,1883,7.7,7799,3435,5461,3.98,5794
Michoacán,Gabriel Zamora,Lombardía,19.1598,-102.05396,21466,10875,10591,6236,13327,1901,7.41,9489,23,7773,3.47,5407
Michoacán,Hidalgo,Ciudad Hidalgo,19.68935,-100.55516,125712,65098,60614,36366,79489,9855,8.02,58909,132,40435,4.03,54936
Michoacán,Huandacareo,Huandacareo,19.9887,-101.27585,11644,6070,5574,2868,7116,1654,7.42,4813,10,5438,3.41,5319
Michoacán,Huaniqueo,Huaniqueo de Morales,19.899,-101.50515,7945,4207,3738,1678,4714,1549,6.36,2985,4,4707,3.16,3730
Michoacán,Huetamo,Huetamo de Núñez,18.62643,-100.89972,41973,21309,20664,11220,25586,5146,7.46,19842,48,18486,3.44,13577
Michoacán,Huiramba,Huiramba,19.54648,-101.43799,9015,4671,4344,2815,5510,690,7.79,3778,21,2795,4.03,2504
Michoacán,Indaparapeo,Indaparapeo,19.79006,-100.96849,18385,9387,8998,5145,11546,1694,7.17,7770,10,6087,3.95,8213
Michoacán,Irimbo,Irimbo,19.69749,-100.4791,16043,8372,7671,4714,10015,1314,7.45,7310,6,5876,3.86,5765
Michoacán,Ixtlán,Ixtlán de los Hervores,20.16837,-102.39462,14302,7285,7017,3873,8598,1831,6.4,6296,9,5915,3.62,6416
Michoacán,Jacona,Jacona de Plancarte,19.95632,-102.30602,68781,35442,33339,19966,43522,5281,7.72,35013,530,21981,3.82,26382
Michoacán,Jiménez,Villa Jiménez,19.92227,-101.74929,12946,6665,6281,3013,7858,2075,7.2,5568,7,7070,3.28,5310
Michoacán,Jiquilpan,Jiquilpan de Juárez,19.98972,-102.71856,36158,18922,17236,8979,22803,4376,8.66,17041,56,16295,3.41,14203
Michoacán,José Sixto Verduzco,Pastor Ortiz,20.30218,-101.59686,26213,13629,12584,6699,16002,3512,7.16,11030,18,9998,3.67,9493
Michoacán,Jungapeo,Jungapeo de Juárez,19.45873,-100.49461,19834,10002,9832,6107,11955,1772,7.37,8827,15,6690,3.91,8439
Michoacán,Juárez,Benito Juárez,19.31228,-100.43279,14936,7620,7316,4409,9143,1384,7.32,6716,4,5245,3.66,5737
Michoacán,La Huacana,La Huacana,18.96289,-101.80887,30627,15454,15173,9401,18012,3206,7.03,13275,27,10868,3.64,7449
Michoacán,La Piedad,La Piedad de Cabadas,20.34145,-102.02255,106490,55009,51481,27364,69415,9706,8.96,53172,291,41237,3.58,35751
Michoacán,Lagunillas,Lagunillas,19.56462,-101.41478,5745,2932,2813,1620,3510,615,7.18,2240,3,2166,3.83,2077
Michoacán,Los Reyes,Los Reyes de Salgado,19.58897,-102.47468,78935,40177,38758,22783,50307,5804,8.01,40094,14371,27442,3.7,24890
Michoacán,Lázaro Cárdenas,Ciudad Lázaro Cárdenas,17.96233,-102.19798,196003,98519,97484,53153,130606,12201,9.57,96704,1588,67340,3.51,46409
Michoacán,Madero,Villa Madero,19.39212,-101.27762,19086,9457,9629,6331,11194,1560,6.75,8611,24,5917,4.06,6889
Michoacán,Maravatío,Maravatío de Ocampo,19.89167,-100.44167,89311,46120,43191,26934,55334,7038,7.86,42934,154,31171,3.92,40447
Michoacán,Marcos Castellanos,San José de Gracia,19.99024,-103.0215,13983,7241,6742,3605,8869,1509,8.17,6969,19,5524,3.33,7744
Michoacán,Morelia,Morelia,19.70338,-101.19205,849053,441924,407129,197158,576091,74024,10.99,443435,5498,326420,3.45,273802
Michoacán,Morelos,Villa Morelos,20.00425,-101.41239,7983,4196,3787,1905,4773,1305,6.94,3102,5,4223,3.5,2825
Michoacán,Múgica,Nueva Italia de Ruiz,19.0288,-102.08673,45732,23329,22403,13945,28006,3695,7.62,21799,179,15785,3.8,18829
Michoacán,Nahuatzen,Nahuatzen,19.65407,-101.91714,32598,16636,15962,10171,19690,2709,7.48,14158,12213,9641,4.34,6554
Michoacán,Nocupétaro,Nocupétaro de Morelos,19.0433,-101.16223,8196,4165,4031,2791,4501,904,6.85,3643,3,3096,3.66,1782
Michoacán,Nuevo Parangaricutiro,Nuevo San Juan Parangaricutiro,19.41664,-102.12988,20981,10668,10313,6347,13282,1335,8.06,10711,356,5959,4.29,11750
Michoacán,Nuevo Urecho,Nuevo Urecho,19.16587,-101.86885,9027,4471,4556,2578,5556,893,6.92,3932,26,3211,3.45,2539
Michoacán,Numarán,Numarán,20.2549,-101.9472,9437,4841,4596,2418,5918,1100,7.39,3784,6,3467,3.89,2754
Michoacán,Ocampo,Ocampo,19.58385,-100.33928,24774,12572,12202,8634,14628,1483,7.32,9953,89,7538,4.19,8004
Michoacán,Pajacuarán,Pajacuarán,20.11689,-102.56551,21028,10818,10210,6376,12483,2169,6.79,8713,36,8320,3.76,10216
Michoacán,Panindícuaro,Panindícuaro,19.98396,-101.76146,14889,7713,7176,3754,9021,2113,6.39,6431,13,7105,3.56,6118
Michoacán,Paracho,Paracho de Verduzco,19.6473,-102.04847,39657,20402,19255,11502,24842,3313,8.45,19577,11296,12771,4.11,14429
Michoacán,Parácuaro,Antúnez (Morelos),19.01555,-102.20665,26832,13360,13472,8247,16417,2168,6.88,13067,201,8978,3.72,10126
Michoacán,Penjamillo,Penjamillo de Degollado,20.10447,-101.93367,16621,8761,7860,4045,10168,2405,6.65,6591,12,8357,3.44,4723
Michoacán,Peribán,Peribán de Ramos,19.52073,-102.41619,29389,14616,14773,8777,18712,1900,7.47,14233,239,8577,3.9,14075
Michoacán,Puruándiro,Puruándiro,20.08867,-101.5152,69260,35949,33311,18493,43056,7711,7.26,31344,90,28959,3.74,21887
Michoacán,Purépero,Purépero de Echáiz,19.90996,-102.00674,15503,7910,7593,3685,9910,1908,7.83,7312,39,7042,3.47,6048
Michoacán,Pátzcuaro,Pátzcuaro,19.5136,-101.61012,98382,51162,47220,28078,61837,8406,8.95,49236,5780,30495,4.02,37390
Michoacán,Queréndaro,Queréndaro,19.81003,-100.88349,13961,7151,6810,3759,8720,1482,7.49,5952,19,5294,3.81,4704
Michoacán,Quiroga,Quiroga,19.66379,-101.524,27176,14253,12923,7341,17136,2699,7.56,14270,7908,9985,3.92,11447
Michoacán,Sahuayo,Sahuayo de Morelos,20.05768,-102.7168,78477,40580,37897,20789,50923,6764,8.44,42279,87,26416,3.62,39303
Michoacán,Salvador Escalante,Santa Clara del Cobre,19.40608,-101.6398,49896,25494,24402,15174,30932,3790,7.09,21790,31,13855,4.29,20684
Michoacán,San Lucas,San Lucas,18.59141,-100.78475,17677,8927,8750,4812,10444,2421,6.87,7822,36,8151,3.32,8028
Michoacán,Santa Ana Maya,Santa Ana Maya,20.00839,-101.02176,12812,6695,6117,2988,8012,1812,7.26,5182,7,5945,3.71,5692
Michoacán,Senguio,Senguio,19.73334,-100.35241,19833,10408,9425,6276,11877,1680,7.37,8187,17,6927,3.96,8419
Michoacán,Susupuato,Rancho Viejo,19.24833,-100.4175,9076,4617,4459,2891,5322,863,5.73,3697,131,3414,3.76,2785
Michoacán,Tacámbaro,Tacámbaro de Codallos,19.23554,-101.45733,79540,40574,38966,24815,48899,5808,7.95,37251,113,24322,3.87,35047
Michoacán,Tancítaro,Tancítaro,19.3375,-102.36303,33453,16717,16736,10719,20491,2191,7,15005,470,9907,4.1,19964
Michoacán,Tangamandapio,Santiago Tangamandapio,19.95399,-102.4328,31716,16230,15486,9688,19612,2416,6.85,14135,7785,9589,4.32,14305
Michoacán,Tangancícuaro,Tangancícuaro de Arista,19.88823,-102.20845,35256,18074,17182,9805,21524,3910,6.94,16930,1266,14575,3.67,19677
Michoacán,Tanhuato,Tanhuato de Guerrero,20.28381,-102.32764,15534,8031,7503,4128,9701,1705,7.59,6421,58,5667,3.7,6358
Michoacán,Taretan,Taretan,19.33456,-101.9179,15589,7913,7676,4453,9652,1472,7.78,6692,37,5112,3.66,3097
Michoacán,Tarímbaro,Fraccionamiento Galaxia Tarímbaro,19.76249,-101.1956,114513,58764,55749,31300,76859,6332,9.7,57604,432,46207,3.45,39057
Michoacán,Tepalcatepec,Tepalcatepec,19.19137,-102.84371,24074,12064,12010,6498,15175,2397,7.18,12105,68,9714,3.3,12663
Michoacán,Tingambato,Tingambato,19.50189,-101.85348,16325,8389,7936,4926,10182,1217,8.55,7178,561,4968,4.23,6000
Michoacán,Tingüindín,Tingüindín,19.73895,-102.48308,14934,7759,7175,3965,9382,1586,7.84,6946,771,5785,3.56,6347
Michoacán,Tiquicheo de Nicolás Romero,Tiquicheo,18.90049,-100.73645,12836,6544,6292,4023,7388,1416,6.36,5503,6,4827,3.71,3686
Michoacán,Tlalpujahua,Tlalpujahua de Rayón,19.8053,-100.17359,28556,15143,13413,8783,17472,2301,8.11,12372,39,10457,3.92,12456
Michoacán,Tlazazalca,Tlazazalca,19.97124,-102.05668,6420,3308,3112,1480,3768,1172,5.74,2615,17,5003,3.13,3102
Michoacán,Tocumbo,Santa Clara de Valladares,19.63961,-102.48915,12325,6250,6075,3121,7706,1498,7.2,5612,63,5461,3.39,3082
Michoacán,Tumbiscatío,Tumbiscatío de Ruiz,18.5248,-102.37502,5971,2958,3013,1766,3534,668,5.81,2357,16,2404,3.52,1959
Michoacán,Turicato,Puruarán,19.09497,-101.52246,29056,14913,14143,9289,16959,2806,6.39,11734,373,10105,3.72,8783
Michoacán,Tuxpan,Tuxpan,19.56796,-100.46378,25757,13264,12493,7231,16229,2297,8,11741,28,9319,3.69,11065
Michoacán,Tuzantla,Tuzantla,19.20761,-100.57306,14329,7285,7044,4363,8281,1681,6.36,5835,7,5555,3.61,2859
Michoacán,Tzintzuntzan,Ihuatzio,19.56551,-101.6181,14911,7778,7133,4196,9103,1612,8.05,7436,1323,5942,4,5225
Michoacán,Tzitzio,Tafetán,19.4189,-100.90763,8855,4428,4427,2870,5025,956,6.35,3453,7,3132,3.94,2410
Michoacán,Uruapan,Uruapan,19.42089,-102.0628,356786,184476,172310,96883,231365,28292,9.24,178576,20228,111839,3.77,136633
Michoacán,Venustiano Carranza,San Pedro Cahro,20.11597,-102.65236,23469,12228,11241,6346,14244,2879,7.42,10872,30,9038,3.57,11462
Michoacán,Villamar,Emiliano Zapata,19.99149,-102.61515,15864,8233,7631,3901,9526,2437,6.92,6573,18,8632,3.42,5313
Michoacán,Vista Hermosa,Vista Hermosa de Negrete,20.27312,-102.47365,20982,10623,10359,5871,12981,2130,7.7,8881,34,7622,3.84,9328
Michoacán,Yurécuaro,Yurécuaro,20.34109,-102.28243,32303,16632,15671,9186,20377,2709,7.19,15706,837,11481,3.85,17237
Michoacán,Zacapu,Zacapu,19.81862,-101.79286,76829,39943,36886,19636,49002,8170,9.19,36476,988,27018,3.63,26009
Michoacán,Zamora,Zamora de Hidalgo,19.98358,-102.28596,204860,106041,98819,55184,132424,17190,8.76,104811,1231,75529,3.51,71141
Michoacán,Zinapécuaro,Zinapécuaro de Figueroa,19.86027,-100.82758,49005,25345,23660,13351,30231,5412,7.57,21781,29,20745,3.7,27107
Michoacán,Zináparo,Zináparo,20.17319,-101.99877,3232,1679,1553,630,1994,608,7.23,1252,4,2065,3.18,891
Michoacán,Ziracuaretiro,San Ángel Zurumucapio,19.44894,-101.88944,18402,9341,9061,5863,11257,1282,7.75,8059,83,5029,4.25,9342
Michoacán,Zitácuaro,Heróica Zitácuaro,19.43718,-100.35749,157056,81603,75453,44219,100505,12293,8.93,79956,4936,50337,3.85,75106
Michoacán,Álvaro Obregón,Álvaro Obregón,19.82631,-101.03848,23000,11776,11224,6620,14119,2244,7.41,9544,19,7844,3.95,9821
Morelos,Amacuzac,Amacuzac,18.6,-99.36951,17598,9149,8449,4676,11027,1895,8.52,7649,40,7050,3.53,2563
Morelos,Atlatlahucan,Atlatlahucan,18.93627,-98.89918,25232,12966,12266,6573,16044,2609,9.34,12052,838,14904,3.57,9472
Morelos,Axochiapan,Axochiapan,18.50241,-98.75408,39174,19886,19288,11094,24829,3244,8.07,19038,700,12614,3.93,11146
Morelos,Ayala,San Pedro Apatlaco,18.79218,-98.9626,89834,46292,43542,23737,58336,7747,8.69,44704,3336,43023,3.57,26163
Morelos,Coatetelco,Coatetelco Centro,18.73049,-99.32706,11347,5877,5470,3286,7136,925,6.92,5430,55,3566,4.02,2232
Morelos,Coatlán del Río,Coatlán del Río,18.74419,-99.4348,10520,5782,4738,2484,6813,1223,7.82,4200,15,4548,3.23,2628
Morelos,Cuautla,Cuautla,18.81279,-98.95526,187118,97335,89783,43875,125217,17975,10.04,97870,5139,69767,3.55,55935
Morelos,Cuernavaca,Cuernavaca,18.92178,-99.2349,378476,199747,178729,76300,256398,45563,11.39,203425,4751,148249,3.28,108678
Morelos,Emiliano Zapata,Emiliano Zapata,18.84098,-99.18324,107053,55045,52008,26025,72527,8462,10.12,56063,925,58108,3.43,29400
Morelos,Hueyapan,Barrio de San Miguel,18.88513,-98.69068,7855,4131,3724,2287,4904,664,7.41,3788,2599,2583,4,2898
Morelos,Huitzilac,Tres Marías,19.05298,-99.24357,24515,12539,11976,6301,16306,1892,9.79,13254,519,9647,3.66,8887
Morelos,Jantetelco,Amayuca,18.7248,-98.79908,18402,9404,8998,4804,12062,1527,8.9,9120,161,6971,3.58,3190
Morelos,Jiutepec,Jiutepec,18.88197,-99.1772,215357,112238,103119,48235,147634,19302,10.52,113477,1957,73832,3.49,61142
Morelos,Jojutla,Jojutla,18.61657,-99.18104,57682,29862,27820,13061,38322,6259,9.65,28621,560,26540,3.38,14641
Morelos,Jonacatepec de Leandro Valle,Jonacatepec de Leandro Valle,18.68069,-98.80322,16694,8618,8076,4107,10998,1572,8.98,8023,364,6035,3.7,3060
Morelos,Mazatepec,Mazatepec,18.73318,-99.36697,9653,5050,4603,2372,6197,1084,9.06,4165,27,4168,3.32,1891
Morelos,Miacatlán,Miacatlán,18.76998,-99.36027,15802,8041,7761,3987,10089,1717,8.77,7765,164,7032,3.36,3500
Morelos,Ocuituco,Ocuituco,18.87769,-98.7757,19219,9794,9425,5300,12391,1516,8.59,9685,70,6631,3.85,4560
Morelos,Puente de Ixtla,Puente de Ixtla,18.61688,-99.3237,40018,20948,19070,10116,25734,4133,9.13,19489,221,15533,3.53,9107
Morelos,Temixco,Temixco,18.84527,-99.22414,122263,63277,58986,30369,81363,10467,9.19,63365,4758,57988,3.52,35849
Morelos,Temoac,Temoac,18.77231,-98.77804,16574,8664,7910,4257,11083,1222,8.86,8583,108,5222,3.88,2548
Morelos,Tepalcingo,Tepalcingo,18.59474,-98.84436,28122,14281,13841,7150,18123,2836,8.4,14041,102,10726,3.61,6190
Morelos,Tepoztlán,Tepoztlán,18.98646,-99.10123,54987,28145,26842,13135,37193,4646,9.94,30288,2680,21741,3.52,21020
Morelos,Tetecala,Tetecala,18.72897,-99.39858,7617,3924,3693,1805,4945,867,9.1,3637,19,3543,3.19,1006
Morelos,Tetela del Volcán,Tetela del Volcán,18.89353,-98.73007,14853,7549,7304,4383,9465,1005,8.66,7227,529,4678,3.91,3132
Morelos,Tlalnepantla,Tlalnepantla,19.00793,-98.99735,7943,3962,3981,2288,5064,591,8.48,4040,129,2703,3.87,2615
Morelos,Tlaltizapán de Zapata,Santa Rosa Treinta,18.69916,-99.17951,52399,26874,25525,12859,34296,5238,8.96,25999,572,22928,3.43,12547
Morelos,Tlaquiltenango,Tlaquiltenango,18.63003,-99.16266,33789,17329,16460,7851,22217,3718,8.97,16737,224,14057,3.34,6417
Morelos,Tlayacapan,Tlayacapan,18.95662,-98.98312,19408,9779,9629,4931,12713,1756,9.3,10308,1055,8002,3.82,6271
Morelos,Totolapan,Totolapan,18.98722,-98.92144,12750,6548,6202,3522,8181,1045,8.63,6619,314,4924,3.55,3231
Morelos,Xochitepec,Xochitepec,18.78187,-99.23146,73539,36629,36910,18329,49395,5786,9.15,38704,1028,41685,3.61,22246
Morelos,Xoxocotla,Xoxocotla Centro,18.68657,-99.24489,27805,13924,13881,7497,18814,1491,8.45,14251,2213,7495,4.38,9434
Morelos,Yautepec,Yautepec de Zaragoza,18.88606,-99.06075,105780,54681,51099,26066,69535,10064,9.35,55086,1096,54477,3.46,31339
Morelos,Yecapixtla,Yecapixtla,18.88342,-98.86814,56083,28433,27650,15204,36697,4163,8.92,29417,655,20630,3.83,16975
Morelos,Zacatepec,Zacatepec de Hidalgo,18.65541,-99.19428,36094,18862,17232,7828,24106,4155,10.37,17045,151,13819,3.42,7808
Morelos,Zacualpan de Amilpas,Tlacotepec,18.81433,-98.75161,9965,5108,4857,2457,6439,1069,9.53,4824,36,4082,3.52,2449
México,Acambay de Ruíz Castañeda,Villa de Acambay de Ruíz Castañeda,19.95623,-99.84403,67872,35255,32617,20184,42380,5303,8.3,35834,8601,23788,3.9,20961
México,Acolman,Tepexpan,19.61259,-98.93732,171507,85279,86228,40037,121609,9855,9.82,86655,1932,52865,3.65,58364
México,Aculco,San Lucas Totolmaloya,20.1635,-99.8965,49266,25177,24089,14158,31552,3556,8.02,26010,3218,16288,3.76,11240
México,Almoloya de Alquisiras,Almoloya de Alquisiras,18.86723,-99.8938,15333,8052,7281,4544,9518,1271,8.14,7196,5,6755,3.66,4107
México,Almoloya de Juárez,San Francisco Tlalcilalcalpan,19.2934,-99.7684,174587,87457,87130,49476,116125,8807,8.68,81444,1019,58495,4.03,69727
México,Almoloya del Río,Almoloya del Río,19.15939,-99.48884,12694,6544,6150,3464,8332,898,10.04,6535,87,3555,4.34,3569
México,Amanalco,San Juan,19.24843,-100.03029,23675,12141,11534,7392,14804,1479,7.75,10106,1391,7334,3.89,7417
México,Amatepec,Palmar Chico,18.69653,-100.36948,25244,12997,12247,7280,14667,3297,7.42,10692,5,9878,3.64,2711
México,Amecameca,Amecameca de Juárez,19.12869,-98.76981,53441,28001,25440,12961,36069,4403,10.01,25321,124,15555,3.97,19009
México,Apaxco,Apaxco de Ocampo,19.97532,-99.17416,31898,16265,15633,8292,21322,2273,9.46,15512,103,9367,3.9,12422
México,Atenco,San Salvador Atenco,19.55934,-98.91335,75489,38437,37052,19676,51574,4237,9.56,36696,1421,21508,4.03,26741
México,Atizapán,Santa Cruz Atizapán,19.17676,-99.48794,12984,6697,6287,3737,8531,716,9.5,6511,138,3459,4.55,4779
México,Atizapán de Zaragoza,Ciudad López Mateos,19.54317,-99.23504,523674,270245,253429,108453,364996,48829,11.06,272478,6522,160533,3.48,154056
México,Atlacomulco,Atlacomulco de Fabela,19.80003,-99.87425,109384,57166,52218,31323,71722,6337,9.76,56126,13242,37399,3.92,40152
México,Atlautla,Atlautla de Victoria,19.03086,-98.78267,31900,16315,15585,8680,20744,2438,8.87,15328,53,9831,4.25,11059
México,Axapusco,Jaltepec,19.72944,-98.63409,29128,14841,14287,7695,19059,2371,8.9,13375,165,10139,3.75,8695
México,Ayapango,Ayapango de Gabriel Ramos M.,19.12722,-98.80251,10053,5243,4810,2623,6720,710,9.92,4521,27,3230,3.81,3270
México,Calimaya,Calimaya de Díaz González,19.16322,-99.61867,68489,35101,33388,17757,46674,3878,10.74,33184,225,22881,3.96,21755
México,Capulhuac,Capulhuac de Mirafuentes,19.19312,-99.46441,36921,19143,17778,9702,24703,2516,10.18,19533,121,9940,4.42,14160
México,Chalco,Chalco de Díaz Covarrubias,19.26113,-98.89565,400057,206928,193129,105966,273649,20171,9.75,193295,7790,137236,3.8,160317
México,Chapa de Mota,San Felipe Coamango,19.85708,-99.61083,31737,16213,15524,9337,20237,2163,8.09,16009,5956,10152,4.04,9185
México,Chapultepec,Chapultepec,19.20116,-99.56187,12772,6607,6165,3344,8691,722,10.69,6119,77,5198,3.79,2509
México,Chiautla,Chiautla,19.54865,-98.88135,30045,15377,14668,7389,20550,2100,10.04,15768,280,8755,3.86,9946
México,Chicoloapan,Chicoloapan de Juárez,19.41677,-98.90201,200750,103555,97195,50130,139971,10608,10.14,100995,2113,65368,3.67,70880
México,Chiconcuac,Chiconcuac de Juárez,19.55272,-98.89531,27692,14144,13548,7078,18804,1810,10.13,14298,701,6789,4.52,11468
México,Chimalhuacán,Chimalhuacán,19.41691,-98.9453,705193,360622,344571,192175,477452,35424,9.13,343963,20232,198918,3.9,308215
México,Coacalco de Berriozábal,San Francisco Coacalco,19.6293,-99.10438,293444,152337,141107,57241,210275,25878,11.49,151717,1666,102024,3.27,79402
México,Coatepec Harinas,Coatepec Harinas,18.92571,-99.76852,38643,20083,18560,12664,23517,2428,7.4,17983,31,12675,4.16,7860
México,Cocotitlán,Cocotitlán,19.23086,-98.86195,15107,7757,7350,3716,10236,1151,10.3,6918,152,4686,3.89,4016
México,Coyotepec,Coyotepec,19.77551,-99.20798,40885,20893,19992,11040,27412,2432,9.55,19916,399,11026,4.14,13803
México,Cuautitlán,Cuautitlán,19.66506,-99.17863,178847,91181,87666,39023,130676,9111,11.3,96131,1348,64044,3.39,46244
México,Cuautitlán Izcalli,Cuautitlán Izcalli,19.657,-99.20929,555163,286207,268956,112992,391024,50945,11.38,288311,4344,179015,3.45,151346
México,Donato Guerra,San Simón de la Laguna,19.29107,-100.08715,37436,19045,18391,12748,22670,2014,7.02,17349,7584,11189,4.36,8613
México,Ecatepec de Morelos,Ecatepec de Morelos,19.59907,-99.04916,1645352,846803,798549,359605,1141183,143997,10.22,839729,24647,502825,3.67,584352
México,Ecatzingo,Ecatzingo de Hidalgo,18.95871,-98.7526,10827,5506,5321,3282,6873,672,8.89,4740,21,3205,3.99,2775
México,El Oro,El Oro de Hidalgo,19.80214,-100.13066,36937,19019,17918,10574,23631,2732,8.49,16736,4586,12777,3.98,10190
México,Huehuetoca,Santa Teresa,19.84129,-99.24055,163244,83228,80016,46062,111404,5736,9.98,78748,2592,84565,3.5,43389
México,Hueypoxtla,Santa María Ajoloapan,19.97776,-99.04378,46757,23649,23108,12594,30874,3289,8.51,21493,139,13575,4.04,20283
México,Huixquilucan,Naucalpan de Juárez,19.40593,-99.27961,284965,148499,136466,63390,199155,22354,11.23,150325,3910,91871,3.47,89499
México,Isidro Fabela,Tlazala de Fabela,19.55559,-99.41738,11929,6112,5817,3168,8013,748,9.06,5362,146,3706,3.95,2545
México,Ixtapaluca,Ixtapaluca,19.3131,-98.88425,542211,279128,263083,130642,383177,28089,10.14,272440,10261,176264,3.69,190837
México,Ixtapan de la Sal,Ixtapan de la Sal,18.84461,-99.67582,36911,19235,17676,10553,23555,2802,8.87,18814,86,14175,3.74,9418
México,Ixtapan del Oro,Miahuatlán de Hidalgo (Santa Cruz Miahuatlán),19.30165,-100.29322,6475,3260,3215,2098,3862,515,7.01,2372,167,2391,3.86,393
México,Ixtlahuaca,San Bartolo del Llano,19.59044,-99.74149,160139,83364,76775,44555,105038,10538,8.72,85920,24754,45753,4.17,50088
México,Jaltenco,Alborada Jaltenco,19.66237,-99.0708,28217,14572,13645,6632,19186,2384,10.24,14001,167,8627,3.69,8719
México,Jilotepec,Jilotepec de Molina Enríquez,19.95283,-99.53283,87671,44861,42810,22893,58105,6663,9.05,43330,396,28175,3.8,25232
México,Jilotzingo,San Luis Ayucan,19.49596,-99.36302,19877,10158,9719,5161,13367,1348,9.27,9137,149,6079,3.94,6472
México,Jiquipilco,San Bartolo Oxtotitlán,19.62081,-99.61483,76826,40362,36464,23270,48366,5190,8.19,34985,5572,23486,4.04,29858
México,Jocotitlán,Ciudad de Jocotitlán,19.71182,-99.7858,69264,36019,33245,18523,45685,5056,9.56,35107,2264,22268,3.9,20030
México,Joquicingo,Techuchulco de Allende,19.11272,-99.5246,15428,7885,7543,4545,9783,1066,8.69,6631,80,4763,4.29,3917
México,Juchitepec,Juchitepec de Mariano Rivapalacio,19.10191,-98.88092,27116,13973,13143,7515,17814,1787,9,13169,55,7597,3.94,8139
México,La Paz,Los Reyes Acaquilpan,19.35839,-98.9766,304088,155886,148202,78613,207136,18271,9.53,152620,10038,86503,3.89,120695
México,Lerma,Lerma de Villada,19.28537,-99.51182,170327,86359,83968,43777,116034,10333,10.36,83786,2220,53035,4,51625
México,Luvianos,Villa Luvianos,18.92048,-100.29945,28822,14735,14087,9413,16541,2868,7.15,12645,21,10310,3.95,5064
México,Malinalco,Malinalco,18.95234,-99.49757,28155,14322,13833,7959,17810,2383,7.96,13723,58,10171,3.79,8947
México,Melchor Ocampo,Melchor Ocampo,19.71041,-99.14346,61220,31313,29907,15708,41739,3766,9.96,30206,995,17925,4.01,20024
México,Metepec,San Salvador Tizatlalli,19.2714,-99.57938,242307,126310,115997,50257,169627,22219,12.27,124411,905,75715,3.55,66909
México,Mexicaltzingo,San Mateo Mexicaltzingo,19.21111,-99.58685,13807,7054,6753,3565,9334,908,10.14,6184,58,4046,4.18,5375
México,Morelos,Santa Clara de Juárez,19.72175,-99.60865,33164,17194,15970,10092,20352,2714,7.62,16186,5160,12141,4.06,7516
México,Naucalpan de Juárez,Naucalpan de Juárez,19.4788,-99.23322,834434,431939,402495,174053,575783,84358,10.72,430951,18711,257677,3.47,257826
México,Nextlalpan,Ex-Hacienda Santa Inés,19.70657,-99.06765,57082,29094,27988,16559,38107,2402,9.9,28067,834,23391,3.6,20625
México,Nezahualcóyotl,Ciudad Nezahualcóyotl,19.40876,-99.0182,1077208,557286,519922,216244,746322,114432,10.42,561269,13008,318867,3.6,379904
México,Nicolás Romero,Ciudad Nicolás Romero,19.62571,-99.3159,430601,220827,209774,105196,298811,26523,9.75,214225,9795,132142,3.75,143336
México,Nopaltepec,San Felipe Teotitlán,19.80311,-98.70183,10351,5261,5090,2640,6803,908,9.23,4894,18,3612,3.58,2333
México,Ocoyoacac,Ocoyoacac,19.26928,-99.4557,72103,36882,35221,17807,49324,4970,10.43,36894,1470,20844,4.16,28179
México,Ocuilan,Santa Mónica,18.99138,-99.42575,36223,18578,17645,11173,22728,2319,8.15,17655,2304,11440,4.12,12558
México,Otumba,Otumba de Gómez Farías,19.69985,-98.75769,36331,18134,18197,9251,24369,2711,9.23,17525,155,11152,3.8,15506
México,Otzoloapan,Otzoloapan,19.11741,-100.29771,4891,2494,2397,1590,2859,442,7.21,1315,1,1873,3.81,171
México,Otzolotepec,Villa Cuauhtémoc,19.41621,-99.55859,88783,45336,43447,24499,59632,4625,8.98,42385,4611,24650,4.32,41471
México,Ozumba,Ozumba de Alzate,19.03918,-98.79539,30785,16033,14752,8275,20228,2277,9.6,15389,92,8575,4.23,13171
México,Papalotla,Papalotla,19.56338,-98.85821,4862,2524,2338,1176,3327,359,10.74,2268,37,1428,3.92,1434
México,Polotitlán,Polotitlán de la Ilustración,20.22381,-99.81475,14985,7656,7329,4019,9648,1318,8.71,6980,35,5016,3.73,4493
México,Rayón,Santa María Rayón,19.14801,-99.58174,15972,8223,7749,4240,10743,989,9.96,6925,62,4398,4.23,3015
México,San Antonio la Isla,San Antonio la Isla,19.1641,-99.56934,31962,16541,15421,8653,21914,1389,11.11,15809,143,11587,3.75,7323
México,San Felipe del Progreso,San Nicolás Guadalupe,19.61499,-100.03073,144924,75596,69328,47372,89711,7837,7.54,77832,39510,40532,4.41,45426
México,San José del Rincón,San José del Rincón Ejido,19.6648,-100.15147,100082,51049,49033,34662,60219,5199,6.48,47990,12068,26351,4.59,17356
México,San Martín de las Pirámides,San Martín de las Pirámides,19.70484,-98.83452,29182,14914,14268,7068,19889,2218,9.85,14388,273,8923,3.79,9396
México,San Mateo Atenco,San Mateo Atenco,19.26417,-99.52972,97418,49937,47481,25639,65943,5566,10.42,49230,420,26738,4.22,31904
México,San Simón de Guerrero,San Simón de Guerrero,19.02309,-100.00728,6692,3439,3253,2060,4058,574,8.68,2476,10,2494,3.89,618
México,Santo Tomás,Loma Bonita,19.1803,-100.2596,9729,4893,4836,2907,6053,767,8.04,3578,3,3387,3.7,843
México,Soyaniquilpan de Juárez,San Francisco Soyaniquilpan,20.01389,-99.5279,14323,7220,7103,3886,9317,1117,9.07,6662,24,5140,3.61,3404
México,Sultepec,Sultepec de Pedro Ascencio de Alquisiras,18.85855,-99.96643,24145,12707,11438,7750,14078,2317,7.13,11471,175,8798,3.88,3161
México,Tecámac,Ojo de Agua,19.6783,-98.99762,547503,281983,265520,131070,387413,28897,10.99,278755,4874,207283,3.33,179588
México,Tejupilco,Tejupilco de Hidalgo,18.9057,-100.1534,79282,41274,38008,25316,47650,6316,8.56,33896,57,28505,3.98,18466
México,Temamatla,Temamatla,19.20274,-98.8699,14130,7202,6928,3976,9365,778,9.82,5911,242,4542,3.79,3147
México,Temascalapa,Santa Ana Tlachihualpa,19.76716,-98.91043,43593,22219,21374,11678,28766,3136,9.13,20477,323,14977,3.76,15665
México,Temascalcingo,Temascalcingo de José María Velasco,19.91591,-100.00408,66414,34517,31897,18912,41995,5501,8.04,33514,10022,24684,3.84,25398
México,Temascaltepec,Temascaltepec de González,19.04307,-100.04136,35014,17825,17189,11123,21395,2496,7.85,16007,1833,11918,4.04,6024
México,Temoaya,San Pedro Arriba,19.48433,-99.56429,105766,54234,51532,32162,68341,5247,8.27,50412,24661,31886,4.39,42509
México,Tenancingo,Tenancingo de Degollado,18.96183,-99.59384,104677,53450,51227,29697,67918,7029,9.25,50588,189,30960,4.04,43367
México,Tenango del Aire,Tenango del Aire,19.157,-98.8613,11359,5807,5552,2925,7584,850,9.79,4184,58,3447,3.95,2338
México,Tenango del Valle,Tenango de Arista,19.10376,-99.59157,90518,46028,44490,25699,59107,5708,9.07,43227,368,25398,4.25,31886
México,Teoloyucan,Teoloyucan,19.74547,-99.18306,65459,33520,31939,17125,43923,4387,9.67,31316,258,17975,4.05,23629
México,Teotihuacán,Teotihuacán de Arista,19.68548,-98.86863,58507,30312,28195,14316,39776,4408,10.01,29026,820,18092,3.7,19984
México,Tepetlaoxtoc,Tepetlaoxtoc de Hidalgo,19.57337,-98.81972,32564,16658,15906,8496,21739,2322,9.68,15293,282,9984,3.86,11310
México,Tepetlixpa,Tepetlixpa,19.02951,-98.81971,20500,10554,9946,5378,13550,1569,9.13,10301,85,6192,4,8859
México,Tepotzotlán,Tepotzotlán,19.71378,-99.22351,103696,52988,50708,25016,71521,7153,9.85,52690,1039,31708,3.82,34792
México,Tequixquiac,Tequixquiac,19.91028,-99.14891,39489,20160,19329,9920,26866,2703,9.35,20147,208,12484,3.7,17502
México,Texcaltitlán,Texcaltitlán,18.93039,-99.93928,18482,9537,8945,6077,11086,1319,8.32,7213,10,6195,4.02,5399
México,Texcalyacac,San Mateo Texcalyacac,19.13223,-99.50307,5736,2915,2821,1499,3856,381,10.09,2594,71,1836,3.96,951
México,Texcoco,Texcoco de Mora,19.51344,-98.88148,277562,142622,134940,64717,191559,21235,10.52,137862,6096,85020,3.78,93211
México,Tezoyuca,Ejido de Tequisistlán Primero,19.60229,-98.96157,47044,23807,23237,11955,32418,2647,9.3,23455,1190,15099,3.85,17103
México,Tianguistenco,San Pedro Tlaltizapan,19.19937,-99.49868,84259,43412,40847,23096,55845,5282,9.74,43567,849,24026,4.19,28326
México,Timilpan,Santiaguito Maxda,19.82061,-99.76397,16414,8553,7861,4259,10638,1516,8.68,7595,864,6444,3.66,3722
México,Tlalmanalco,San Rafael,19.20969,-98.75615,49196,25622,23574,11401,33405,4387,10.5,23328,140,15481,3.83,12203
México,Tlalnepantla de Baz,Tlalnepantla,19.53852,-99.1952,672202,345185,327017,125833,468570,76655,10.93,352840,8715,217152,3.32,189088
México,Tlatlaya,San Pedro Limón,18.58294,-100.30507,31762,16136,15626,9344,18445,3973,7.54,15941,21,12388,3.71,3267
México,Toluca,Toluca de Lerdo,19.29349,-99.65732,910608,471435,439173,217759,628235,63771,10.92,458305,24201,286955,3.79,303145
México,Tonanitla,Santa María Tonanitla,19.68816,-99.05436,14883,7630,7253,3973,10125,785,10.51,7231,202,4998,3.76,5466
México,Tonatico,Tonatico,18.80202,-99.67094,12912,6677,6235,3265,8257,1390,8.72,6295,31,5325,3.58,2628
México,Tultepec,Tultepec,19.68555,-99.12861,157645,80513,77132,38208,110627,8692,10.71,81775,1437,49974,3.69,49602
México,Tultitlán,Buenavista,19.60828,-99.16695,516341,264703,251638,114503,363205,38303,10.37,261203,4893,160156,3.54,155225
México,Valle de Bravo,Valle de Bravo,19.19439,-100.13161,61590,31514,30076,17040,40477,4073,9.13,30671,402,25258,3.79,26538
México,Valle de Chalco Solidaridad,Xico,19.27876,-98.94345,391731,201057,190674,104469,263804,23328,9.12,197529,10798,111077,3.75,168113
México,Villa Guerrero,Villa Guerrero,18.96171,-99.642,69086,35227,33859,22135,43112,3839,7.43,36150,47,20882,3.94,21214
México,Villa Victoria,Villa Victoria,19.44188,-99.99505,108196,55057,53139,36461,66341,5380,6.84,50584,8974,29980,4.46,43655
México,Villa de Allende,San Felipe Santiago,19.38852,-100.10695,53275,27381,25894,17284,33042,2949,7.13,25698,2625,15472,4.26,14273
México,Villa del Carbón,Villa del Carbón,19.72759,-99.46308,51498,25931,25567,15282,32910,3298,8.08,25981,1353,17185,3.98,13849
México,Xalatlaco,Xalatlaco,19.18439,-99.41374,30687,15735,14952,8712,20227,1742,9.17,15718,209,8373,4.32,10373
México,Xonacatlán,Xonacatlán,19.40442,-99.5304,54633,27875,26758,14689,36639,3294,9.67,26341,690,15926,4.16,22597
México,Zacazonapan,Zacazonapan,19.07446,-100.25612,5109,2533,2576,1651,3092,366,7.8,1683,2,1858,3.7,370
México,Zacualpan,Zacualpan,18.71867,-99.77562,13522,7066,6456,4082,8103,1337,7.4,5886,4,5056,3.79,1529
México,Zinacantepec,San Miguel Zinacantepec,19.28491,-99.73504,203872,104366,99506,54315,138333,11046,9.99,97689,800,59909,4.17,71773
México,Zumpahuacán,Zumpahuacán,18.84093,-99.5856,18833,9745,9088,6158,11291,1383,7.48,7827,24,5984,4.13,4995
México,Zumpango,Zumpango de Ocampo,19.79712,-99.10063,280455,143484,136971,77649,189444,13307,9.77,136904,3358,134610,3.59,105753
Nayarit,Acaponeta,Acaponeta,22.48939,-105.36018,37232,18617,18615,9925,22921,4371,9.37,17414,824,14060,3.42,6140
Nayarit,Ahuacatlán,Ahuacatlán,21.05059,-104.48466,15393,7754,7639,3795,9548,2047,9.11,7341,60,6691,3.16,3186
Nayarit,Amatlán de Cañas,Amatlán de Cañas,20.80778,-104.40539,11536,5668,5868,2904,6869,1761,8.16,5440,31,5592,3.14,1938
Nayarit,Bahía de Banderas,San Vicente,20.74836,-105.25117,187632,93338,94294,54071,124376,8909,9.85,102835,1775,81630,3.39,55821
Nayarit,Compostela,Compostela,21.23753,-104.9006,77436,38866,38570,20642,48711,8033,8.61,40674,973,33497,3.3,21877
Nayarit,Del Nayar,Jesús María,22.25112,-104.51794,47550,24089,23461,20453,24963,2107,5.72,10609,38098,12905,5.16,6148
Nayarit,Huajicori,Huajicori,22.63726,-105.31999,12230,5998,6232,4616,6703,911,7.89,3481,1879,3760,4.3,1205
Nayarit,Ixtlán del Río,Ixtlán del Río,21.03506,-104.36891,29299,15155,14144,7887,18412,2989,9.4,14061,212,11336,3.43,8170
Nayarit,Jala,Jala,21.10482,-104.43822,19321,9768,9553,6134,11354,1832,8.88,8565,141,7128,3.85,3196
Nayarit,La Yesca,Puente de Camotlán,21.69894,-104.07871,13719,6861,6858,4576,7954,1036,6.64,3758,5604,4881,4.06,2310
Nayarit,Rosamorada,San Vicente,21.94864,-105.29778,33567,16484,17083,8990,20535,4034,8.31,15723,1644,13891,3.28,5744
Nayarit,Ruíz,Ruiz,21.95025,-105.14506,24096,11977,12119,7019,14810,2245,8.5,11173,2429,9124,3.48,4607
Nayarit,San Blas,San Blas,21.54174,-105.28605,41518,20241,21277,10911,25964,4634,8.16,20866,765,18861,3.19,9423
Nayarit,San Pedro Lagunillas,San Pedro Lagunillas,21.22191,-104.75111,7683,3761,3922,1798,4740,1145,8.37,3359,17,3605,3.08,1138
Nayarit,Santa María del Oro,Santa María del Oro,21.33319,-104.58721,24911,12362,12549,6655,15664,2592,8.21,11635,1672,9736,3.41,6192
Nayarit,Santiago Ixcuintla,Santiago Ixcuintla,21.80834,-105.20604,93981,46515,47466,23650,59003,11315,8.4,46015,1152,37459,3.24,18009
Nayarit,Tecuala,Tecuala,22.39504,-105.45603,37135,18293,18842,9129,22628,5375,8.79,17991,86,16434,3.17,6757
Nayarit,Tepic,Tepic,21.50741,-104.8938,425924,218832,207092,103105,286095,36201,11.17,220949,10605,156934,3.34,90448
Nayarit,Tuxpan,Tuxpan,21.94479,-105.29809,30064,15092,14972,7069,19203,3790,9.24,15014,211,11978,3.17,6029
Nayarit,Xalisco,Xalisco,21.44369,-104.89974,65229,33507,31722,17549,43260,4370,10.82,32653,891,23408,3.45,14701
Nuevo León,Abasolo,Abasolo,25.94534,-100.39999,2974,1532,1442,797,1959,216,9.45,1130,12,1194,3.71,141
Nuevo León,Agualeguas,Agualeguas,26.31091,-99.53939,3382,1692,1690,660,2048,674,8.12,1322,3,2971,2.65,328
Nuevo León,Allende,Ciudad de Allende,25.2869,-100.00832,35289,17460,17829,8612,23332,3332,9.19,17028,175,13785,3.28,4420
Nuevo León,Anáhuac,Anáhuac,27.24065,-100.13244,18030,9178,8852,4936,11220,1874,8.57,7824,12,8119,3.3,2626
Nuevo León,Apodaca,Ciudad Apodaca,25.78129,-100.18923,656464,324951,331513,165677,466977,23584,11.35,338246,4161,212801,3.59,103346
Nuevo León,Aramberri,Aramberri,24.10059,-99.81807,14992,7325,7667,3917,8937,2138,7.52,6217,6,6145,3.5,1366
Nuevo León,Bustamante,Bustamante,26.53466,-100.50271,3661,1837,1824,926,2225,505,8.84,1395,6,2389,3.1,271
Nuevo León,Cadereyta Jiménez,Cadereyta Jiménez,25.59101,-100.00159,122337,59960,62377,31008,83069,8175,9.35,58878,1602,55231,3.22,26164
Nuevo León,Cerralvo,Ciudad Cerralvo,26.08987,-99.61473,7340,3633,3707,1798,4668,874,8.09,3186,16,4283,2.99,969
Nuevo León,China,China,25.70591,-99.23932,9930,4969,4961,2437,6203,1290,7.91,4433,6,5543,3.04,1487
Nuevo León,Ciénega de Flores,Real del Sol,25.92901,-100.18296,68747,33541,35206,21399,45676,1664,9.33,33220,2146,31005,3.36,13847
Nuevo León,Doctor Arroyo,Doctor Arroyo,23.67469,-100.18226,36088,18028,18060,10681,20995,4327,7.45,15087,24,13349,3.91,3617
Nuevo León,Doctor Coss,Doctor Coss,25.9259,-99.18437,1360,703,657,302,804,254,7.32,447,8,1246,2.75,238
Nuevo León,Doctor González,Doctor González,25.85883,-99.94187,3256,1584,1672,812,2080,364,7.93,1136,17,2106,3.16,184
Nuevo León,El Carmen,El Jaral,25.85353,-100.31725,104478,51595,52883,34472,68399,1550,9.4,48276,4181,38780,3.47,23156
Nuevo León,Galeana,Galeana,24.82627,-100.07743,40903,20459,20444,11467,24663,4771,7.88,16469,23,16424,3.65,4902
Nuevo León,García,García,25.80049,-100.58547,397205,196497,200708,124731,264846,7494,10.31,193318,13235,157779,3.46,82375
Nuevo León,General Bravo,General Bravo,25.7933,-99.18123,5506,2710,2796,1459,3360,678,8.23,2367,29,3397,3.13,1673
Nuevo León,General Escobedo,Ciudad General Escobedo,25.80799,-100.32264,481213,239052,242161,127161,335149,18619,10.45,240759,6394,154216,3.65,103516
Nuevo León,General Terán,Ciudad General Terán,25.25719,-99.68581,14109,6994,7115,3240,8671,2198,8.08,5948,50,7473,3.03,2252
Nuevo León,General Treviño,General Treviño,26.22697,-99.48408,1808,918,890,355,1093,360,8.17,519,0,1096,2.74,239
Nuevo León,General Zaragoza,General Zaragoza,23.97326,-99.77239,6282,3058,3224,1852,3718,712,7.96,2293,2,2437,3.79,782
Nuevo León,General Zuazua,Fraccionamiento Real Palmas,25.89815,-100.16815,102149,50305,51844,30998,69267,1855,9.71,50278,3338,42305,3.45,18241
Nuevo León,Guadalupe,Guadalupe,25.67732,-100.2599,643143,324150,318993,127651,446794,68613,11.08,321854,3561,207183,3.52,124452
Nuevo León,Hidalgo,Hidalgo,25.97565,-100.44689,16086,8004,8082,3923,10691,1470,9.6,7470,25,5900,3.51,1955
Nuevo León,Higueras,Higueras,25.96196,-100.01435,1386,662,724,346,864,176,8.56,559,17,835,3.28,220
Nuevo León,Hualahuises,Hualahuises,24.88464,-99.67323,7026,3546,3480,1681,4390,954,9.07,2734,4,3361,3.25,849
Nuevo León,Iturbide,Iturbide,24.72598,-99.90526,3298,1582,1716,826,2010,462,7.62,1197,2,1454,3.28,224
Nuevo León,Juárez,Ciudad Benito Juárez,25.64623,-100.09088,471523,233806,237717,139095,320791,11160,9.88,231559,8798,181463,3.51,105494
Nuevo León,Lampazos de Naranjo,Lampazos de Naranjo,27.02531,-100.50432,5351,2694,2657,1439,3291,621,8.31,2258,1,3014,3.22,615
Nuevo León,Linares,Linares,24.85965,-99.56787,84666,42788,41878,20938,55679,8037,9.44,38712,74,31978,3.44,9717
Nuevo León,Los Aldamas,Los Aldamas,26.06414,-99.19673,1407,708,699,302,807,298,7.07,535,0,1623,2.6,320
Nuevo León,Los Herreras,Los Herreras,25.90561,-99.4033,1959,970,989,385,1137,436,7.51,666,2,1899,2.68,157
Nuevo León,Los Ramones,Los Ramones,25.69639,-99.62403,5389,2613,2776,1100,3294,995,7.37,2213,15,4610,2.86,1809
Nuevo León,Marín,Marín,25.8793,-100.03405,5119,2480,2639,1311,3371,436,8.88,2230,168,2215,3.55,769
Nuevo León,Melchor Ocampo,Melchor Ocampo,26.05852,-99.54228,1483,719,764,298,969,216,8.53,576,2,921,3.19,115
Nuevo León,Mier y Noriega,Mier y Noriega,23.42312,-100.11967,7652,3857,3795,2533,4252,867,6.59,2356,5,2662,4.07,541
Nuevo León,Mina,Mina,26.00126,-100.53184,6048,2992,3056,1681,3865,502,8.35,2491,19,2727,3.52,821
Nuevo León,Montemorelos,Montemorelos,25.18925,-99.82696,67428,33859,33569,15973,44670,6572,9.71,32734,182,30139,3.19,9523
Nuevo León,Monterrey,Monterrey,25.6647,-100.31089,1142994,578189,564805,221453,775139,138010,11.47,575178,11159,368796,3.46,225011
Nuevo León,Parás,Parás,26.49854,-99.52542,906,449,457,175,526,205,8.56,331,2,830,2.71,109
Nuevo León,Pesquería,Pesquería,25.78326,-100.05368,147624,71620,76004,46023,99022,2568,9.44,75016,6589,57402,3.38,27944
Nuevo León,Rayones,Rayones,25.01812,-100.07321,2377,1147,1230,595,1411,371,6.66,912,1,1675,3.08,176
Nuevo León,Sabinas Hidalgo,Ciudad Sabinas Hidalgo,26.49837,-100.18115,34709,17674,17035,7847,23069,3775,9.69,16396,58,16128,3.21,4283
Nuevo León,Salinas Victoria,Los Pilares,25.91274,-100.24297,86766,42631,44135,25834,58208,2648,9.43,43084,2541,36175,3.41,19052
Nuevo León,San Nicolás de los Garza,San Nicolás de los Garza,25.75525,-100.28959,412199,209241,202958,67049,290321,54766,11.92,204861,1732,133725,3.38,63754
Nuevo León,San Pedro Garza García,San Pedro Garza García,25.66517,-100.40247,132169,69583,62586,21363,88198,17883,13.16,66561,2523,41237,3.49,15235
Nuevo León,Santa Catarina,Ciudad Santa Catarina,25.67436,-100.46175,306322,153705,152617,70891,211902,20902,10.66,155536,4223,90966,3.69,55606
Nuevo León,Santiago,Santiago,25.4271,-100.15301,46784,23324,23460,9980,30856,5462,10.31,22133,782,20785,3.22,7363
Nuevo León,Vallecillo,Vallecillo,26.65967,-99.98958,1552,732,820,328,937,287,7.15,652,12,1315,2.75,145
Nuevo León,Villaldama,Ciudad de Villaldama,26.49823,-100.42456,3573,1786,1787,731,2227,612,8.96,1423,2,2603,2.82,265
Oaxaca,Abejones,Abejones,17.43575,-96.60817,841,481,360,231,515,95,6.95,95,768,412,3.81,44
Oaxaca,Acatlán de Pérez Figueroa,Vicente Camalote,18.51352,-96.53185,45167,23187,21980,12366,28469,4331,7.33,19139,4726,16098,3.47,11855
Oaxaca,Asunción Cacalotepec,Asunción Cacalotepec,17.03526,-95.95656,2547,1318,1229,688,1437,422,6.73,872,2285,1282,3.16,606
Oaxaca,Asunción Cuyotepeji,Asunción Cuyotepeji,17.9309,-97.67435,1107,584,523,276,659,172,7.79,422,2,535,3.25,309
Oaxaca,Asunción Ixtaltepec,Asunción Ixtaltepec,16.50384,-95.05705,15261,7711,7550,3259,9589,2410,8.48,7545,6514,6429,3.07,3335
Oaxaca,Asunción Nochixtlán,Asunción Nochixtlán,17.45894,-97.2252,20464,10887,9577,6149,12552,1760,9.17,9934,2237,8377,3.83,6980
Oaxaca,Asunción Ocotlán,Asunción Ocotlán,16.75918,-96.72133,2395,1304,1091,517,1317,561,4.76,939,1840,1686,3.11,1041
Oaxaca,Asunción Tlacolulita,Asunción Tlacolulita,16.30026,-95.72631,734,379,355,159,403,172,6.67,255,63,428,2.74,170
Oaxaca,Ayoquezco de Aldama,Ayoquezco de Aldama,16.68567,-96.84311,4874,2514,2360,1193,2961,720,6.28,1954,327,2195,3.53,1245
Oaxaca,Ayotzintepec,Ayotzintepec,17.67671,-96.13327,6857,3574,3283,2135,4175,547,6.72,2494,3632,2557,3.52,1551
Oaxaca,Calihualá,Calihualá,17.53286,-98.27838,1402,712,690,463,740,199,5.49,349,553,595,4.05,288
Oaxaca,Candelaria Loxicha,Candelaria Loxicha,15.92633,-96.49192,11166,5716,5450,4255,6106,805,6.06,3464,6256,3205,4.53,4739
Oaxaca,Capulálpam de Méndez,Capulálpam de Méndez,17.30642,-96.44598,1619,896,723,368,1079,172,10.31,754,181,637,3.68,348
Oaxaca,Chahuites,Chahuites,16.28761,-94.19582,11356,5787,5569,3045,7155,1134,7.45,5863,489,3939,3.46,4358
Oaxaca,Chalcatongo de Hidalgo,Chalcatongo de Hidalgo,17.03203,-97.57099,9035,4798,4237,2552,5376,1107,7.83,4957,3292,5916,3.48,2498
Oaxaca,Chiquihuitlán de Benito Juárez,Chiquihuitlán de Benito Juárez,17.99544,-96.74545,2179,1185,994,535,1274,370,4.88,780,1115,1265,2.93,390
Oaxaca,Ciudad Ixtepec,Ciudad Ixtepec,16.5677,-95.09871,28082,14783,13299,6712,18325,3045,9.67,13601,5138,11683,3.26,7096
Oaxaca,Ciénega de Zimatlán,Ciénega de Zimatlán,16.89709,-96.76662,3043,1579,1464,698,1890,455,7.86,1368,34,1438,3.4,893
Oaxaca,Coatecas Altas,Coatecas Altas,16.53676,-96.66498,5356,2829,2527,1587,3129,640,4.5,1357,2868,1939,4.42,1519
Oaxaca,Coicoyán de las Flores,Coicoyán de las Flores,17.2729,-98.27609,9563,5103,4460,3884,5088,590,3.89,1707,8584,2651,5.7,1554
Oaxaca,Concepción Buenavista,Concepción Buenavista,17.87853,-97.40023,752,377,375,209,390,153,6.31,298,8,632,3.17,136
Oaxaca,Concepción Pápalo,San Lorenzo Pápalo,17.88523,-96.87693,2754,1378,1376,699,1605,450,5.65,891,1054,1395,3.2,559
Oaxaca,Constancia del Rosario,Constancia del Rosario,17.03782,-97.94146,4847,2672,2175,1819,2678,350,6.36,1147,2777,1484,4.5,782
Oaxaca,Cosolapa,Cosolapa,18.60179,-96.68239,14488,7642,6846,3946,9274,1268,8.06,6457,494,5365,3.51,3466
Oaxaca,Cosoltepec,Cosoltepec,18.14198,-97.79067,803,418,385,174,385,244,7.66,232,150,644,2.57,185
Oaxaca,Cuilápam de Guerrero,Cuilápam de Guerrero,16.996,-96.78059,26882,14019,12863,7146,17840,1896,9.3,13509,2089,8935,3.85,10851
Oaxaca,Cuyamecalco Villa de Zaragoza,Cuyamecalco Villa de Zaragoza,17.96508,-96.83138,3644,1797,1847,1063,2067,514,4.7,1291,698,1701,3.51,1089
Oaxaca,El Barrio de la Soledad,Colonia Progreso,16.80135,-95.07949,13474,6972,6502,2917,8747,1809,9.4,6003,587,5798,3.11,2697
Oaxaca,El Espinal,El Espinal,16.48571,-95.04284,8730,4491,4239,1905,5692,1133,10.88,4110,2804,3244,3.38,1758
Oaxaca,Eloxochitlán de Flores Magón,Eloxochitlán de Flores Magón,18.17688,-96.87609,4215,2220,1995,1429,2309,477,5.23,1554,3472,1568,3.57,563
Oaxaca,Fresnillo de Trujano,Ciruelos de Guaponcingo,17.94378,-98.1322,1077,539,538,295,585,197,5.68,255,2,590,3.38,237
Oaxaca,Guadalupe Etla,Guadalupe Etla,17.17164,-96.81058,2929,1532,1397,643,2003,283,9.96,1357,172,966,3.78,1137
Oaxaca,Guadalupe de Ramírez,Guadalupe de Ramírez,17.75605,-98.16439,1288,674,614,352,688,248,6.49,349,17,964,3.33,244
Oaxaca,Guelatao de Juárez,Guelatao de Juárez,17.31817,-96.49368,657,332,325,223,373,61,11.46,312,163,297,3.45,83
Oaxaca,Guevea de Humboldt,Guevea de Humboldt,16.79261,-95.36806,5256,2771,2485,1586,3157,513,6.08,2076,2206,1955,3.45,711
Oaxaca,Heroica Ciudad de Ejutla de Crespo,Heroica Ciudad de Ejutla de Crespo,16.56428,-96.7319,23148,12069,11079,6608,13862,2678,6.8,10955,454,8726,3.81,10632
Oaxaca,Heroica Ciudad de Huajuapan de León,Heroica Ciudad de Huajuapan de León,17.80684,-97.77624,78313,41151,37162,21758,50131,6366,9.54,38997,4429,30379,3.84,37468
Oaxaca,Heroica Ciudad de Tlaxiaco,Heroica Ciudad de Tlaxiaco,17.26747,-97.68049,40123,21521,18602,11563,25452,3106,9.56,21561,9667,17230,3.78,15934
Oaxaca,"Heroica Villa Tezoatlán de Segura y Luna, Cuna de la Independencia de Oaxaca",Yucuquimi de Ocampo,17.58357,-97.88207,11465,6069,5396,3021,6588,1856,6.19,5720,5384,6485,3.45,3149
Oaxaca,Huautepec,Huautepec,18.10198,-96.7973,6385,3408,2977,2319,3505,561,4.58,2019,5604,2257,3.87,1146
Oaxaca,Huautla de Jiménez,Huautla de Jiménez,18.13038,-96.84616,31710,17082,14628,9482,18334,3894,6.48,12058,24239,12911,3.6,8972
Oaxaca,Ixpantepec Nieves,Ixpantepec Nieves,17.50669,-98.04486,1079,592,487,238,548,293,4.58,315,705,882,3.05,516
Oaxaca,Ixtlán de Juárez,Ixtlán de Juárez,17.33153,-96.4878,8385,4349,4036,2528,5171,686,8.47,3922,4067,3192,3.6,2044
Oaxaca,Juchitán de Zaragoza,Juchitán de Zaragoza,16.43331,-95.02163,113570,58954,54616,28905,75031,8737,8.92,58091,63800,33849,3.95,46923
Oaxaca,La Compañía,Agua del Espino,16.58664,-96.80402,3607,1906,1701,960,2108,539,5.73,1213,21,1377,3.4,993
Oaxaca,La Pe,La Pe,16.62996,-96.79966,3052,1537,1515,1039,1814,199,6.2,755,11,878,3.91,318
Oaxaca,La Reforma,La Reforma,16.62331,-97.8445,3411,1736,1675,977,2094,340,7.23,1131,65,1296,3.78,682
Oaxaca,La Trinidad Vista Hermosa,La Trinidad Vista Hermosa,17.77263,-97.50575,306,155,151,86,171,49,7.51,102,18,178,3.36,75
Oaxaca,Loma Bonita,Loma Bonita,18.10987,-95.87998,40934,21441,19493,10731,25652,4544,7.51,20341,1396,17018,3.19,12592
Oaxaca,Magdalena Apasco,Magdalena Apasco,17.24206,-96.82109,7888,4148,3740,1907,5383,598,10.36,4020,209,3263,3.61,2252
Oaxaca,Magdalena Jaltepec,Magdalena Jaltepec,17.32362,-97.22128,2943,1604,1339,658,1700,581,6.74,1055,198,1865,3.15,454
Oaxaca,Magdalena Mixtepec,Magdalena Mixtepec,16.89611,-96.90773,1433,741,692,556,768,109,6.48,404,61,381,5.06,227
Oaxaca,Magdalena Ocotlán,Magdalena Ocotlán,16.70946,-96.71237,1184,599,585,330,724,130,7.65,463,108,396,3.76,540
Oaxaca,Magdalena Peñasco,San Isidro,17.21939,-97.56951,3750,1980,1770,1213,2129,408,5.64,1681,3317,1949,3.73,480
Oaxaca,Magdalena Teitipac,Magdalena Teitipac,16.90662,-96.55874,4764,2543,2221,1558,2791,382,4.18,2099,3764,1280,4.71,2052
Oaxaca,Magdalena Tequisistlán,Magdalena Tequisistlán,16.39892,-95.60291,5996,3057,2939,1482,3716,795,8.48,2503,200,2832,3.18,1009
Oaxaca,Magdalena Tlacotepec,Magdalena Tlacotepec,16.50397,-95.20331,1297,675,622,259,816,222,8.23,451,203,608,3.08,364
Oaxaca,Magdalena Yodocono de Porfirio Díaz,Magdalena Yodocono de Porfirio Díaz,17.38509,-97.35498,1682,869,813,456,1058,168,7.99,733,14,1002,3.49,369
Oaxaca,Magdalena Zahuatlán,Magdalena Zahuatlán,17.38843,-97.22902,404,215,189,93,241,70,7.95,149,4,307,3.11,46
Oaxaca,Mariscala de Juárez,Mariscala de Juárez,17.86051,-98.14162,3739,1952,1787,1079,2126,534,6.85,1317,13,1763,3.47,666
Oaxaca,Matías Romero Avendaño,Matías Romero Avendaño,16.87789,-95.04215,38183,20007,18176,10337,23567,4271,8.29,18384,4291,14772,3.36,12833
Oaxaca,Mazatlán Villa de Flores,Mazatlán Villa de Flores,18.03256,-96.91372,12722,6489,6233,4013,7019,1690,5.21,3698,9516,5757,3.53,1432
Oaxaca,Mesones Hidalgo,Mesones Hidalgo,16.91536,-97.96655,4424,2373,2051,1370,2545,509,5.69,1227,1563,1851,3.86,676
Oaxaca,Miahuatlán de Porfirio Díaz,Miahuatlán de Porfirio Díaz,16.32848,-96.59652,50375,25772,24603,14501,32003,3863,7.96,24014,5020,17942,3.72,22327
Oaxaca,Mixistlán de la Reforma,Mixistlán de la Reforma,17.14684,-96.11203,2487,1345,1142,713,1509,265,6.26,1008,2306,1089,3.84,331
Oaxaca,Monjas,Santa María Velató,16.50415,-96.64462,2893,1562,1331,909,1645,339,5.62,732,78,1339,3.61,495
Oaxaca,Mártires de Tacubaya,Mártires de Tacubaya,16.53799,-98.25091,1446,736,710,414,848,184,6.97,496,23,547,3.52,313
Oaxaca,Natividad,Natividad,17.29688,-96.43329,498,276,222,105,317,76,8.71,214,104,249,3.21,94
Oaxaca,Nazareno Etla,Nazareno Etla,17.17799,-96.824,4293,2237,2056,898,2927,468,10.72,2022,42,1326,3.8,1474
Oaxaca,Nejapa de Madero,El Camarón,16.5543,-96.02694,8494,4327,4167,2171,5346,977,7.46,4089,1593,3196,3.56,2191
Oaxaca,Nuevo Zoquiápam,Nuevo Zoquiápam,17.29132,-96.61998,1590,828,762,470,956,164,7.34,574,618,562,3.94,200
Oaxaca,Oaxaca de Juárez,Oaxaca de Juárez,17.05999,-96.72545,270955,145103,125852,59475,181878,27432,11.32,144995,21551,90433,3.62,98262
Oaxaca,Ocotlán de Morelos,Ocotlán de Morelos,16.79164,-96.67506,23751,12414,11337,6175,15414,2159,8.83,11929,727,8032,3.93,10195
Oaxaca,Pinotepa de Don Luis,Pinotepa de Don Luis,16.42844,-97.97744,6416,3254,3162,1963,3741,711,7.2,2699,4667,2168,3.85,938
Oaxaca,Pluma Hidalgo,Pluma Hidalgo,15.92585,-96.41944,3255,1675,1580,985,1947,323,6.45,1286,114,1049,3.78,926
Oaxaca,Putla Villa de Guerrero,Putla Villa de Guerrero,17.02621,-97.92815,34652,18463,16189,10212,21124,3316,8.2,16083,9600,13683,3.68,8781
Oaxaca,Reforma de Pineda,Reforma de Pineda,16.39932,-94.45843,2660,1378,1282,568,1580,512,7.5,1138,63,1363,2.72,445
Oaxaca,Reyes Etla,Reyes Etla,17.20556,-96.81009,4370,2265,2105,1101,2879,390,9.34,2107,149,1399,4.03,1550
Oaxaca,Rojas de Cuauhtémoc,Rojas de Cuauhtémoc,17.00828,-96.61865,1301,668,633,271,869,161,9.2,640,21,475,3.44,307
Oaxaca,Salina Cruz,Salina Cruz,16.17589,-95.19216,84438,43995,40443,19945,56451,7979,9.99,39818,3707,32822,3.3,20580
Oaxaca,San Agustín Amatengo,San Agustín Amatengo,16.50994,-96.78933,1593,810,783,366,891,336,5.7,634,6,834,2.99,438
Oaxaca,San Agustín Atenango,San Agustín Atenango,17.6117,-98.01518,1871,963,908,438,1018,415,5.24,570,896,1295,3.17,482
Oaxaca,San Agustín Chayuco,San Agustín Chayuco,16.40238,-97.80752,4163,2140,2023,1183,2562,418,7.01,1307,2002,1498,3.54,908
Oaxaca,San Agustín Etla,San Agustín Etla,17.18908,-96.76442,4168,2184,1984,878,2779,511,10.68,1957,83,1607,3.47,1255
Oaxaca,San Agustín Loxicha,San Agustín Loxicha,16.01661,-96.61676,26194,13416,12778,10180,14407,1607,5.93,6424,21396,7445,4.78,3528
Oaxaca,San Agustín Tlacotepec,San Agustín Tlacotepec,17.20368,-97.5179,1032,576,456,273,583,176,8.47,495,637,1003,2.88,241
Oaxaca,San Agustín Yatareni,San Agustín Yatareni,17.08121,-96.66812,5521,2931,2590,1485,3655,381,8.24,2678,619,1878,3.87,3401
Oaxaca,San Agustín de las Juntas,San Agustín de las Juntas,17.01166,-96.71144,11391,5884,5507,3013,7743,562,10.26,5453,1013,3755,3.8,4372
Oaxaca,San Andrés Cabecera Nueva,San Andrés Cabecera Nueva,16.88842,-97.68099,2881,1486,1395,859,1662,360,6.63,759,83,1291,3.56,484
Oaxaca,San Andrés Dinicuiti,San Andrés Dinicuiti,17.68811,-97.72675,2308,1185,1123,598,1424,286,6.94,796,25,1005,3.75,759
Oaxaca,San Andrés Huaxpaltepec,San Andrés Huaxpaltepec,16.32905,-97.91635,6234,3240,2994,1776,3899,559,7.93,2602,1481,2476,3.48,1849
Oaxaca,San Andrés Huayápam,San Andrés Huayápam,17.10254,-96.66624,6279,3279,3000,1331,4345,567,12.02,3306,531,2278,3.39,2258
Oaxaca,San Andrés Ixtlahuaca,San Andrés Ixtlahuaca,17.07087,-96.82518,1776,931,845,444,1052,280,8.11,716,292,671,3.6,858
Oaxaca,San Andrés Lagunas,San Isidro Lagunas,17.58979,-97.51381,518,271,247,124,289,105,7.01,283,5,482,2.86,97
Oaxaca,San Andrés Nuxiño,San Andrés Nuxiño,17.23836,-97.10527,1850,968,882,513,1049,288,7.35,620,492,884,3.14,245
Oaxaca,San Andrés Paxtlán,San Andrés Paxtlán,16.21564,-96.50758,4562,2267,2295,1354,2855,353,5.8,1567,2674,1372,4.38,1015
Oaxaca,San Andrés Sinaxtla,San Andrés Sinaxtla,17.4685,-97.28381,756,402,354,194,456,106,9.35,329,22,427,3.33,207
Oaxaca,San Andrés Solaga,Santo Domingo Yojovi,17.29983,-96.21021,1771,914,857,382,1027,362,6.38,679,1531,874,3.29,516
Oaxaca,San Andrés Teotilálpam,San Andrés Teotilálpam,17.95413,-96.65659,4233,2239,1994,1288,2464,481,6.23,1356,1748,1332,3.73,953
Oaxaca,San Andrés Tepetlapa,San Andrés Tepetlapa,17.66583,-98.39169,381,198,183,113,210,58,4.86,86,1,216,3.34,56
Oaxaca,San Andrés Yaá,San Andrés Yaá,17.29258,-96.15362,393,209,184,69,200,124,5.18,185,344,310,2.55,62
Oaxaca,San Andrés Zabache,San Andrés Zabache,16.60015,-96.85774,748,411,337,185,456,107,5.53,228,93,345,3.6,227
Oaxaca,San Andrés Zautla,San Andrés Zautla,17.18639,-96.86349,5326,2771,2555,1308,3518,500,9.47,2255,293,2111,3.74,1548
Oaxaca,San Antonino Castillo Velasco,San Antonino Castillo Velasco,16.80323,-96.68464,6064,3182,2882,1537,3896,631,7.31,3509,726,2017,3.85,3338
Oaxaca,San Antonino Monte Verde,San Miguel Monteverde,17.53052,-97.79193,7678,4146,3532,2493,4502,683,6.77,2586,6790,2643,3.99,1576
Oaxaca,San Antonino el Alto,San Antonino el Alto,16.8157,-97.02937,2705,1359,1346,805,1683,217,7.17,882,975,1198,3.77,366
Oaxaca,San Antonio Acutla,Laguna Seca,17.73471,-97.4964,249,123,126,52,156,41,6.6,102,28,168,3,31
Oaxaca,San Antonio Huitepec,San Antonio Huitepec,16.92733,-97.14742,2936,1582,1354,872,1559,505,7.51,660,1105,1924,3.51,614
Oaxaca,San Antonio Nanahuatípam,San Antonio Nanahuatípam,18.1303,-97.12364,1232,627,605,313,782,137,9,474,86,438,3.63,82
Oaxaca,San Antonio Sinicahua,Santa Cruz,17.14681,-97.57862,1668,928,740,626,898,144,6.44,746,1485,934,3.69,740
Oaxaca,San Antonio Tepetlapa,San Antonio Tepetlapa,16.54236,-98.06623,4873,2557,2316,1584,2860,429,6.74,1143,3590,1428,4.33,772
Oaxaca,San Antonio de la Cal,San Antonio de la Cal,17.03131,-96.69928,26282,13890,12392,7062,17612,1484,9.8,13729,2159,7634,4.23,10247
Oaxaca,San Baltazar Chichicápam,San Baltazar Chichicápam,16.7621,-96.48968,2576,1351,1225,452,1648,476,7.07,748,2105,1376,2.95,1124
Oaxaca,San Baltazar Loxicha,San Baltazar Loxicha,16.0733,-96.79032,3169,1644,1525,965,1933,271,6.46,1088,480,1157,3.64,505
Oaxaca,San Baltazar Yatzachi el Bajo,Santa María Yohueche,17.24611,-96.1984,674,349,325,138,360,176,6.4,243,504,570,2.77,132
Oaxaca,San Bartolo Coyotepec,San Bartolo Coyotepec,16.95828,-96.70765,10391,5393,4998,2539,7051,764,10.69,5309,532,3809,3.55,2808
Oaxaca,San Bartolo Soyaltepec,San Pedro Añañé (Añañe),17.52023,-97.36791,596,307,289,114,342,140,7.08,308,222,559,2.89,150
Oaxaca,San Bartolo Yautepec,San Bartolo Yautepec,16.43074,-95.97311,653,332,321,175,357,121,7.65,235,160,317,3.22,125
Oaxaca,San Bartolomé Ayautla,San Bartolomé Ayautla,18.0318,-96.67151,4131,2180,1951,1354,2313,464,4.79,970,3696,1361,3.66,888
Oaxaca,San Bartolomé Loxicha,San Bartolomé Loxicha,15.97039,-96.71102,2213,1143,1070,662,1328,223,6.18,704,1306,918,3.56,93
Oaxaca,San Bartolomé Quialana,San Bartolomé Quialana,16.90189,-96.50121,2389,1395,994,572,1475,342,5.17,930,2168,1274,3.57,1278
Oaxaca,San Bartolomé Yucuañe,San Bartolomé Yucuañe,17.24255,-97.44793,735,410,325,126,488,121,7.64,425,451,385,3.37,142
Oaxaca,San Bartolomé Zoogocho,San Bartolomé Zoogocho,17.24079,-96.24305,449,207,242,166,214,69,7.21,64,345,246,2.63,131
Oaxaca,San Bernardo Mixtepec,San Bernardo Mixtepec,16.82466,-96.89867,2829,1474,1355,884,1615,330,6.92,865,69,1294,3.73,570
Oaxaca,San Blas Atempa,San Blas Atempa,16.32632,-95.22755,19696,9925,9771,5377,12824,1458,6.21,11499,15524,6237,3.87,4148
Oaxaca,San Carlos Yautepec,Santiago Quiavicuzas,16.86275,-95.71841,11662,5796,5866,3642,6841,1179,6.55,5303,5135,3763,3.94,2174
Oaxaca,San Cristóbal Amatlán,San Cristóbal Amatlán,16.31841,-96.41002,5396,2818,2578,1742,3173,481,5.99,2218,4511,2051,3.9,575
Oaxaca,San Cristóbal Amoltepec,San Cristóbal Amoltepec,17.28453,-97.56985,1252,676,576,381,729,142,6.64,359,919,662,3.17,284
Oaxaca,San Cristóbal Lachirioag,San Cristóbal Lachirioag,17.33597,-96.16505,1342,706,636,316,791,235,6.49,503,1074,827,2.69,494
Oaxaca,San Cristóbal Suchixtlahuaca,San Cristóbal Suchixtlahuaca,17.72755,-97.36666,356,181,175,98,200,58,8.22,164,21,266,3.15,26
Oaxaca,San Dionisio Ocotepec,San Dionisio Ocotepec,16.79775,-96.39604,11411,5998,5413,2951,7458,1001,5.98,5185,9549,3801,4.08,4119
Oaxaca,San Dionisio Ocotlán,San Dionisio Ocotlán,16.74644,-96.68084,1380,714,666,338,887,155,8.58,433,59,494,3.63,430
Oaxaca,San Dionisio del Mar,San Dionisio del Mar,16.32054,-94.757,5180,2593,2587,1496,3189,495,6.46,1764,2122,2213,3.2,1673
Oaxaca,San Esteban Atatlahuca,San Esteban Atatlahuca,17.06655,-97.67777,3934,2056,1878,1163,2267,501,6.9,1075,2887,2437,3.26,332
Oaxaca,San Felipe Jalapa de Díaz,San Felipe Jalapa de Díaz,18.07128,-96.53611,28500,15095,13405,9751,16876,1872,5.79,13735,22540,8458,4.12,6254
Oaxaca,San Felipe Tejalápam,San Felipe Tejalápam,17.1114,-96.85326,8231,4291,3940,2318,5182,731,7.84,3782,115,2588,4.03,4003
Oaxaca,San Felipe Usila,San Felipe Usila,17.87939,-96.52836,12191,6343,5848,3900,7012,1278,6.57,5314,10740,3526,4.15,2924
Oaxaca,San Francisco Cahuacuá,San Sebastián Yutanino,16.78993,-97.46087,3450,1753,1697,1052,2014,384,7.01,782,31,1374,3.8,480
Oaxaca,San Francisco Cajonos,San Francisco Cajonos,17.17209,-96.25146,451,239,212,83,252,116,6.8,179,303,343,2.73,83
Oaxaca,San Francisco Chapulapa,San Alejo el Progreso,17.8868,-96.72362,2195,1134,1061,746,1239,210,5.52,565,174,756,3.78,241
Oaxaca,San Francisco Chindúa,San Francisco Chindúa,17.42858,-97.31279,812,415,397,209,500,103,7.99,287,4,382,3.34,179
Oaxaca,San Francisco Huehuetlán,San Francisco Huehuetlán,18.19759,-96.94782,842,464,378,179,448,215,4.79,277,705,526,2.96,96
Oaxaca,San Francisco Ixhuatán,San Francisco Ixhuatán,16.35236,-94.48383,9461,4695,4766,2420,5921,1120,7.78,4176,716,3959,3.12,1499
Oaxaca,San Francisco Jaltepetongo,San Francisco Jaltepetongo,17.38571,-97.26285,1075,561,514,279,577,219,6.67,343,109,691,2.92,202
Oaxaca,San Francisco Lachigoló,San Francisco Lachigoló,17.01141,-96.59852,5215,2713,2502,1347,3535,333,10.41,2465,775,2260,3.48,2001
Oaxaca,San Francisco Logueche,San Francisco Logueche,16.35228,-96.37798,2803,1479,1324,902,1735,166,6.32,823,2537,1013,4.17,204
Oaxaca,San Francisco Nuxaño,San Francisco Nuxaño,17.38083,-97.34395,376,183,193,92,208,76,6.77,153,0,252,3.11,36
Oaxaca,San Francisco Ozolotepec,San Francisco Ozolotepec,16.10054,-96.22068,2182,1142,1040,800,1213,169,6.06,649,1704,692,4.35,447
Oaxaca,San Francisco Sola,San Francisco Sola,16.51497,-96.9744,2019,1072,947,649,1176,194,6.4,711,24,683,3.89,834
Oaxaca,San Francisco Telixtlahuaca,San Francisco Telixtlahuaca,17.2966,-96.90441,13856,7182,6674,3871,8939,1046,9.46,6375,205,4198,4.08,3922
Oaxaca,San Francisco Teopan,San Francisco Teopan,17.85113,-97.49253,312,151,161,70,179,63,5.82,121,0,238,3.09,17
Oaxaca,San Francisco Tlapancingo,San Francisco Tlapancingo,17.48412,-98.26891,2472,1328,1144,860,1359,253,5.25,611,1592,878,4.59,249
Oaxaca,San Francisco del Mar,San Francisco del Mar,16.33936,-94.51497,8710,4336,4374,2806,5287,617,7.2,3943,1239,3119,3.54,2348
Oaxaca,San Gabriel Mixtepec,San Gabriel Mixtepec,16.09442,-97.0795,4910,2515,2395,1579,2961,370,7.7,1899,94,1654,3.85,597
Oaxaca,San Ildefonso Amatlán,San Ildefonso Amatlán,16.33409,-96.49156,2329,1250,1079,700,1338,291,5.73,795,731,1017,3.47,395
Oaxaca,San Ildefonso Sola,San Ildefonso Sola,16.51981,-96.98367,1060,547,513,330,643,87,6.57,364,13,349,4.08,539
Oaxaca,San Ildefonso Villa Alta,San Ildefonso Villa Alta,17.33901,-96.15301,3677,1898,1779,879,2318,480,6.99,1377,2246,1607,3.33,1439
Oaxaca,San Jacinto Amilpas,San Jacinto Amilpas,17.10081,-96.76256,16827,8838,7989,3936,11740,1097,11.77,8869,1131,6479,3.51,5587
Oaxaca,San Jacinto Tlacotepec,Cuajinicuil,16.49601,-97.37958,2233,1158,1075,678,1347,208,6.12,380,60,833,3.71,133
Oaxaca,San Jerónimo Coatlán,San Cristóbal Honduras,16.32487,-97.04111,5537,2836,2701,1864,3297,376,6.79,1837,122,1662,4.38,867
Oaxaca,San Jerónimo Silacayoapilla,San Jerónimo Silacayoapilla,17.80963,-97.84593,1429,730,699,380,840,209,6.38,563,3,841,3.17,308
Oaxaca,San Jerónimo Sosola,San Mateo Sosola,17.40133,-97.11812,2730,1425,1305,660,1603,467,7.43,1312,25,1498,3.36,728
Oaxaca,San Jerónimo Taviche,San Jerónimo Taviche,16.71368,-96.59426,2046,1059,987,637,1265,144,7.05,735,256,655,4.17,520
Oaxaca,San Jerónimo Tecóatl,San Jerónimo Tecóatl,18.16691,-96.9132,1577,845,732,490,880,207,6.44,525,1069,726,3.42,364
Oaxaca,San Jerónimo Tlacochahuaya,Macuilxóchitl de Artigas Carranza,17.01552,-96.54101,5764,3052,2712,1338,3752,674,8.53,2957,2186,2151,3.68,2136
Oaxaca,San Jorge Nuchita,San Jorge Nuchita,17.65595,-98.10613,2881,1540,1341,834,1652,395,5.28,711,1706,1731,3.71,885
Oaxaca,San José Ayuquila,San José Ayuquila,17.94179,-97.96927,1629,864,765,499,915,215,6.63,520,7,730,3.56,196
Oaxaca,San José Chiltepec,San José Chiltepec,17.94535,-96.17054,11310,5849,5461,2919,7311,1080,7.88,4634,3526,3828,3.64,2654
Oaxaca,San José Estancia Grande,San José Estancia Grande,16.3652,-98.25129,938,481,457,308,518,112,6.58,395,31,428,3.42,233
Oaxaca,San José Independencia,Cerro Clarín,18.27531,-96.67472,4251,2198,2053,1485,2292,474,5.63,1166,3669,1479,3.52,1082
Oaxaca,San José Lachiguiri,San José Lachiguiri,16.37878,-96.33643,3700,1948,1752,979,2353,368,5.64,806,3418,1648,4.14,343
Oaxaca,San José Tenango,San José Tenango,18.15076,-96.71721,18102,9536,8566,6350,9659,2093,5.07,6097,16113,6444,3.7,3909
Oaxaca,San José del Peñasco,San José del Peñasco,16.31606,-96.50138,2149,1127,1022,679,1301,169,6.37,782,39,706,3.82,399
Oaxaca,San José del Progreso,San José del Progreso,16.68513,-96.68553,8059,4206,3853,2460,4989,610,6.92,3121,438,2565,3.84,1677
Oaxaca,San Juan Achiutla,San Juan Achiutla,17.34424,-97.50887,408,205,203,59,246,103,7.94,179,27,430,2.81,64
Oaxaca,San Juan Atepec,San Juan Atepec,17.42639,-96.53913,1457,752,705,338,856,263,7.39,425,945,948,3.03,90
Oaxaca,San Juan Bautista Atatlahuca,San Juan Bautista Atatlahuca,17.5311,-96.82994,1424,744,680,357,859,208,6.18,457,441,515,3.61,154
Oaxaca,San Juan Bautista Coixtlahuaca,San Juan Bautista Coixtlahuaca,17.72464,-97.32382,2725,1411,1314,721,1521,483,7.42,1023,162,1714,3.16,642
Oaxaca,San Juan Bautista Cuicatlán,San Juan Bautista Cuicatlán,17.80155,-96.95957,10365,5224,5141,2774,6375,1216,7.71,4625,1486,4638,3.24,2146
Oaxaca,San Juan Bautista Guelache,San Miguel [Fraccionamiento],17.21281,-96.78746,6692,3525,3167,1669,4467,556,10.37,3112,404,2683,3.74,2525
Oaxaca,San Juan Bautista Jayacatlán,San Juan Bautista Jayacatlán,17.4235,-96.82257,1447,744,703,393,820,234,6.59,532,16,558,3.54,266
Oaxaca,San Juan Bautista Lo de Soto,San Juan Bautista Lo de Soto,16.51151,-98.3468,2344,1167,1177,661,1325,358,7.6,711,46,1128,3.12,700
Oaxaca,San Juan Bautista Suchitepec,San Juan Bautista Suchitepec,17.97272,-97.65982,453,231,222,93,249,111,6.18,168,4,421,2.81,54
Oaxaca,San Juan Bautista Tlachichilco,San Juan Bautista Tlachichilco,17.62255,-98.34399,1475,786,689,468,837,170,6.14,555,121,561,3.94,397
Oaxaca,San Juan Bautista Tlacoatzintepec,San Juan Bautista Tlacoatzintepec,17.85944,-96.58709,2181,1175,1006,725,1224,232,5.8,603,1789,650,3.95,451
Oaxaca,San Juan Bautista Tuxtepec,San Juan Bautista Tuxtepec,18.08116,-96.11848,159452,83485,75967,41188,105205,13020,9.09,80919,21818,59441,3.36,53422
Oaxaca,San Juan Bautista Valle Nacional,San Juan Bautista Valle Nacional,17.77495,-96.30404,23067,12081,10986,6329,14352,2386,7.56,10551,11639,7982,3.8,3975
Oaxaca,San Juan Cacahuatepec,San Juan Cacahuatepec,16.61373,-98.15609,8939,4642,4297,2573,5495,871,8.55,3315,276,3220,3.74,2090
Oaxaca,San Juan Chicomezúchil,San Juan Chicomezúchil,17.28898,-96.49492,296,163,133,64,170,62,7.85,156,27,207,3.22,30
Oaxaca,San Juan Chilateca,San Juan Chilateca,16.82852,-96.67201,1522,825,697,284,996,242,9.85,686,14,638,3.37,632
Oaxaca,San Juan Cieneguilla,San Juan Cieneguilla,17.85166,-98.28076,524,253,271,144,268,112,6.38,132,0,326,3.05,49
Oaxaca,San Juan Coatzóspam,San Juan Coatzóspam,18.0497,-96.76332,1808,934,874,439,1098,271,5.58,875,1521,901,3.37,356
Oaxaca,San Juan Colorado,San Juan Colorado,16.45967,-97.95399,9609,4941,4668,3151,5486,972,6.66,3528,6242,3300,3.72,1891
Oaxaca,San Juan Comaltepec,San Juan Lealao,17.32107,-95.93141,3116,1593,1523,1032,1864,220,5.84,820,2574,882,4.47,455
Oaxaca,San Juan Cotzocón,María Lombardo de Caso,17.44904,-95.43242,22444,11601,10843,6564,13580,2299,6.76,10187,9973,8151,3.62,5066
Oaxaca,San Juan Diuxi,San Juan Diuxi,17.28151,-97.37424,1056,559,497,228,548,280,4.14,278,765,841,2.7,328
Oaxaca,San Juan Evangelista Analco,San Juan Evangelista Analco,17.40583,-96.53795,407,215,192,85,214,108,7.55,112,169,308,3.01,64
Oaxaca,San Juan Guelavía,San Juan Guelavía,16.95676,-96.54583,3288,1671,1617,780,2067,441,6.81,1391,1834,1456,3.33,1058
Oaxaca,San Juan Guichicovi,San Juan Guichicovi,16.96283,-95.09509,29802,15841,13961,7890,17786,4124,5.78,14501,18984,12512,3.27,6044
Oaxaca,San Juan Ihualtepec,San Juan Ihualtepec,17.73984,-98.28885,494,268,226,111,235,144,4.54,147,28,362,3.43,104
Oaxaca,San Juan Juquila Mixes,San Juan Juquila Mixes,16.93563,-95.91882,3703,1939,1764,995,2213,493,5.53,1242,3126,1523,3.42,832
Oaxaca,San Juan Juquila Vijanos,San Felipe el Porvenir,17.32845,-96.2604,1880,996,884,576,1151,153,6.56,700,1561,907,3.35,349
Oaxaca,San Juan Lachao,San Juan Lachao,16.15854,-97.12511,4577,2382,2195,1569,2679,319,6.51,1595,1864,1378,4.19,378
Oaxaca,San Juan Lachigalla,San Juan Lachigalla,16.59178,-96.54884,3538,1798,1740,1137,2160,241,5.95,971,20,1269,4.26,654
Oaxaca,San Juan Lajarcia,San Juan Lajarcia,16.50844,-95.92559,634,342,292,144,372,118,6.98,208,7,341,2.89,175
Oaxaca,San Juan Lalana,San José Río Manzo,17.66979,-95.88017,16989,8745,8244,5259,10168,1562,5.6,7773,12071,5409,3.77,6124
Oaxaca,San Juan Mazatlán,San Juan Mazatlán,17.03112,-95.44647,19032,9665,9367,6253,11138,1641,6.15,8355,9940,6276,3.78,5386
Oaxaca,San Juan Mixtepec,San Juan Mixtepec Distrito 08,17.30573,-97.83145,6941,3632,3309,1496,4078,1367,5.7,2467,5835,5783,2.95,2930
Oaxaca,San Juan Mixtepec,San Juan Mixtepec Distrito 26,16.27754,-96.29948,607,362,245,122,340,145,5.03,105,554,356,3.04,107
Oaxaca,San Juan Ozolotepec,San Andrés Lovene,16.04007,-96.20338,3411,1703,1708,1344,1827,240,5.72,1015,2241,1106,4.47,485
Oaxaca,San Juan Petlapa,San Juan Petlapa,17.4693,-96.03683,3117,1633,1484,1180,1692,245,5.05,788,2863,1070,3.73,578
Oaxaca,San Juan Quiahije,San Juan Quiahije,16.30188,-97.31685,4203,2291,1912,1686,2187,330,5.45,967,3703,1462,4.72,491
Oaxaca,San Juan Quiotepec,San Juan Quiotepec,17.60076,-96.58816,2033,1026,1007,512,1212,309,6.08,510,1702,1050,3.72,160
Oaxaca,San Juan Sayultepec,San Juan Sayultepec,17.45348,-97.28474,879,475,404,266,504,109,9.11,286,15,403,3.51,141
Oaxaca,San Juan Tabaá,San Juan Tabaá,17.30519,-96.2071,1241,646,595,336,733,172,7.44,448,1048,473,3.74,222
Oaxaca,San Juan Tamazola,Llano de la Canoa,17.09371,-97.21905,3325,1709,1616,1116,1734,475,6.72,1182,1415,1799,3.37,480
Oaxaca,San Juan Teita,San Juan Teita,17.09526,-97.41431,544,284,260,127,301,116,6.29,101,298,283,3.28,27
Oaxaca,San Juan Teitipac,San Juan Teitipac,16.9344,-96.60851,2668,1392,1276,656,1547,465,5.88,1082,273,1271,3.53,590
Oaxaca,San Juan Tepeuxila,San Pedro Cuyaltepec,17.77018,-96.79008,2692,1304,1388,750,1578,364,6.57,803,1702,1365,3.22,327
Oaxaca,San Juan Teposcolula,San Juan Teposcolula,17.55061,-97.42458,1494,771,723,370,888,236,7.83,637,22,824,3.47,316
Oaxaca,San Juan Yaeé,San Juan Yaeé,17.42909,-96.28385,1426,739,687,373,857,196,6.56,601,1317,787,3.11,195
Oaxaca,San Juan Yatzona,San Juan Yatzona,17.40242,-96.16924,440,243,197,128,253,59,6.48,160,410,189,3.31,131
Oaxaca,San Juan Yucuita,San Juan Yucuita,17.51225,-97.27036,643,338,305,127,394,122,8.73,254,8,352,3.35,122
Oaxaca,San Juan de los Cués,San Juan de los Cués,18.04693,-97.05966,2421,1237,1184,663,1440,318,7.53,970,662,932,3.35,640
Oaxaca,San Juan del Estado,San Juan del Estado,17.27353,-96.79927,2807,1465,1342,713,1756,338,8.09,1199,19,925,3.84,1267
Oaxaca,San Juan del Río,San Juan del Río,16.88253,-96.16047,1372,721,651,263,882,227,6.05,567,1134,733,3.1,547
Oaxaca,San Juan Ñumí,Sabinillo,17.4532,-97.78879,5773,3155,2618,1620,3416,737,6.31,1881,5151,3219,3.44,1363
Oaxaca,San Lorenzo,San Lorenzo,16.39426,-97.87484,5903,3101,2802,1782,3579,542,6.3,2166,4033,2099,3.59,1129
Oaxaca,San Lorenzo Albarradas,San Lorenzo Albarradas,16.90723,-96.25965,2971,1466,1505,771,1830,370,6.28,1115,497,1261,3.52,539
Oaxaca,San Lorenzo Cacaotepec,San Lorenzo Cacaotepec,17.12936,-96.802,18339,9480,8859,4389,12558,1380,10.42,9651,665,6479,3.67,7049
Oaxaca,San Lorenzo Cuaunecuiltitla,San Lorenzo Cuaunecuiltitla,18.20645,-96.91306,833,402,431,299,447,87,5.5,263,659,329,4.05,88
Oaxaca,San Lorenzo Texmelúcan,El Arador,16.54091,-97.1817,9148,5031,4117,3613,5040,495,5.44,1191,8185,2025,5.5,975
Oaxaca,San Lorenzo Victoria,San Lorenzo Victoria,17.66836,-98.12027,932,454,478,245,498,189,6.02,219,22,597,3.25,374
Oaxaca,San Lucas Camotlán,San Lucas Camotlán,16.94316,-95.71314,3187,1648,1539,941,1977,269,5.91,773,2934,964,3.97,191
Oaxaca,San Lucas Ojitlán,San Lucas Ojitlán,18.0575,-96.39776,22185,11569,10616,7003,13380,1791,6.91,10808,17256,6085,4.1,4551
Oaxaca,San Lucas Quiaviní,San Lucas Quiaviní,16.8948,-96.46809,1720,992,728,335,1106,279,5.12,661,1586,725,3.87,1028
Oaxaca,San Lucas Zoquiápam,San Isidro Zoquiápam,18.0981,-96.92849,7163,3720,3443,2419,3955,789,5.64,2590,5842,3070,3.63,920
Oaxaca,San Luis Amatlán,San Esteban Amatlán,16.50383,-96.54975,3829,2036,1793,1107,2222,500,5.65,1207,33,1817,3.49,829
Oaxaca,San Marcial Ozolotepec,San Marcial Ozolotepec,16.08926,-96.40589,1372,742,630,505,754,113,5.24,409,1212,642,4.01,84
Oaxaca,San Marcos Arteaga,San Marcos Arteaga,17.7196,-97.86114,1568,834,734,399,882,287,6.43,518,41,911,3.49,723
Oaxaca,San Martín Huamelúlpam,Totonundoo,17.41397,-97.58322,1000,532,468,230,591,179,8.2,426,22,664,2.91,113
Oaxaca,San Martín Itunyoso,San Martín Itunyoso,17.22902,-97.88148,2749,1498,1251,959,1545,245,5.96,437,2221,969,4.45,789
Oaxaca,San Martín Lachilá,San Martín Lachilá,16.61086,-96.84937,1034,569,465,258,600,176,6.63,361,13,488,3.2,514
Oaxaca,San Martín Peras,San Martín Peras,17.36051,-98.23844,12436,6582,5854,5034,6244,1158,3.48,2245,11233,4678,5.36,3448
Oaxaca,San Martín Tilcajete,San Martín Tilcajete,16.85895,-96.69557,1975,1053,922,498,1259,218,8.51,801,25,670,4.15,861
Oaxaca,San Martín Toxpalan,San Martín Toxpalan,18.10072,-97.05903,3934,2043,1891,1204,2351,379,7.66,1566,1104,1403,3.74,1002
Oaxaca,San Martín Zacatepec,San Martín Zacatepec,17.80795,-98.06086,1324,660,664,387,743,194,6.13,381,18,637,3.65,380
Oaxaca,San Martín de los Cansecos,San Martín de los Cansecos,16.65648,-96.72901,994,522,472,272,605,117,7.47,455,11,356,3.94,391
Oaxaca,San Mateo Cajonos,San Mateo Cajonos,17.16178,-96.20898,611,314,297,171,336,104,5.96,167,445,271,3.39,80
Oaxaca,San Mateo Etlatongo,San Mateo Etlatongo,17.41484,-97.27174,1239,633,606,298,801,140,7.93,517,21,680,3.25,169
Oaxaca,San Mateo Nejápam,San Mateo Nejápam,17.65559,-98.41699,1217,653,564,401,684,132,5.05,352,8,487,4.03,83
Oaxaca,San Mateo Peñasco,San Pedro el Alto,17.14932,-97.46081,2384,1264,1120,746,1380,258,6.95,995,1856,1132,3.67,495
Oaxaca,San Mateo Piñas,San Mateo Piñas,15.99951,-96.33519,2021,995,1026,526,1158,337,5.48,743,161,1055,3.15,781
Oaxaca,San Mateo Río Hondo,San Mateo Río Hondo,16.14423,-96.44845,3207,1636,1571,915,1930,362,6.66,1144,80,1239,3.78,707
Oaxaca,San Mateo Sindihui,San Mateo Sindihui,17.00423,-97.35123,1977,1045,932,582,1158,237,6.1,446,29,776,3.92,396
Oaxaca,San Mateo Tlapiltepec,San Mateo Tlapiltepec,17.81059,-97.43118,229,118,111,49,143,37,7.08,114,11,197,3.37,18
Oaxaca,San Mateo Yoloxochitlán,San Mateo Yoloxochitlán,18.14367,-96.86841,3831,2026,1805,1256,2279,296,6.97,1264,2354,1383,3.92,638
Oaxaca,San Mateo Yucutindoo,San Mateo Yucutindoo,16.73682,-97.48313,3144,1558,1586,985,1830,329,6.25,904,42,1299,3.44,364
Oaxaca,San Mateo del Mar,San Mateo del Mar,16.2097,-94.98189,15571,7780,7791,5125,9326,1120,6.59,4754,14034,4386,4,2485
Oaxaca,San Melchor Betaza,San Melchor Betaza,17.2524,-96.15436,1052,548,504,248,626,178,5.16,399,939,514,3.19,183
Oaxaca,San Miguel Achiutla,San Miguel Achiutla,17.30625,-97.48937,698,348,350,157,378,163,6.91,252,13,583,2.78,177
Oaxaca,San Miguel Ahuehuetitlán,San Miguel Ahuehuetitlán,17.67135,-98.32085,2142,1109,1033,668,1150,324,4.03,703,1122,1039,4.06,317
Oaxaca,San Miguel Aloápam,San Miguel Aloápam,17.41291,-96.69146,2191,1193,998,603,1328,260,5.86,529,1981,907,3.83,543
Oaxaca,San Miguel Amatitlán,San Lorenzo Vista Hermosa,17.95882,-98.06904,6932,3589,3343,2292,3856,784,6.04,2208,797,2634,4.38,1307
Oaxaca,San Miguel Amatlán,Cuajimoloyas,17.1194,-96.45174,991,518,473,268,600,123,7.1,375,125,592,3.4,317
Oaxaca,San Miguel Chicahua,El Fortín Alto,17.60899,-97.19623,2169,1198,971,717,1169,283,6.51,584,1509,1077,3.31,224
Oaxaca,San Miguel Chimalapa,San Miguel Chimalapa,16.71446,-94.74788,6711,3296,3415,1712,3699,742,6.31,2876,2030,2782,3.32,1343
Oaxaca,San Miguel Coatlán,San Miguel Coatlán,16.19631,-96.69411,3184,1725,1459,1092,1800,292,5.37,1126,386,1518,3.69,379
Oaxaca,San Miguel Ejutla,San Miguel Ejutla,16.58039,-96.73928,1149,613,536,331,700,118,7.22,554,38,455,3.74,420
Oaxaca,San Miguel Huautla,San Miguel Huautla,17.74582,-97.13752,1311,696,615,443,644,224,6.12,519,407,758,3.16,76
Oaxaca,San Miguel Mixtepec,San Miguel Mixtepec,16.7781,-96.95732,3194,1612,1582,1137,1826,231,5.86,859,2560,950,5.04,605
Oaxaca,San Miguel Panixtlahuaca,San Miguel Panixtlahuaca,16.26003,-97.37964,6252,3494,2758,2391,3510,351,5.55,1501,5354,1610,5.09,2007
Oaxaca,San Miguel Peras,San Miguel Peras,16.93792,-97.00997,3818,1996,1822,1331,2163,324,6.54,1012,816,1211,4.31,812
Oaxaca,San Miguel Piedras,San Miguel Piedras,16.99968,-97.2327,1328,692,636,395,761,172,6.83,503,735,541,3.63,235
Oaxaca,San Miguel Quetzaltepec,San Miguel Quetzaltepec,16.97549,-95.76168,7286,3756,3530,2113,4544,629,5.13,2309,6768,2611,3.55,1434
Oaxaca,San Miguel Santa Flor,San Miguel Santa Flor,17.92108,-96.7993,691,330,361,163,387,141,3.63,268,367,440,3.16,69
Oaxaca,San Miguel Soyaltepec,Temascal,18.24037,-96.40358,38682,20070,18612,12092,23210,3365,7,17028,22528,12722,3.7,7346
Oaxaca,San Miguel Suchixtepec,San Miguel Suchixtepec,16.094,-96.46641,2932,1531,1401,795,1843,294,6.98,981,1560,862,4.36,797
Oaxaca,San Miguel Tecomatlán,San Miguel Tecomatlán,17.39404,-97.26799,305,153,152,53,172,80,7.41,129,16,289,2.61,93
Oaxaca,San Miguel Tenango,San Miguel Tenango,16.26732,-95.59252,653,319,334,162,406,85,6.96,201,21,320,2.89,104
Oaxaca,San Miguel Tequixtepec,San Miguel Tequixtepec,17.80286,-97.34166,1044,548,496,292,569,183,6.76,278,3,914,3.28,118
Oaxaca,San Miguel Tilquiápam,San Miguel Tilquiápam,16.78194,-96.58156,3141,1726,1415,1025,1734,382,4.32,1030,2607,1054,4.56,1370
Oaxaca,San Miguel Tlacamama,San Miguel Tlacamama,16.41673,-98.06322,3668,1882,1786,1073,2267,328,7.54,1215,741,1272,3.6,727
Oaxaca,San Miguel Tlacotepec,San Miguel Tlacotepec,17.45362,-98.00724,3100,1668,1432,791,1804,505,6.08,941,381,1652,3.4,1391
Oaxaca,San Miguel Tulancingo,San Miguel Tulancingo,17.75124,-97.44151,307,173,134,56,169,82,6.92,167,33,285,2.98,81
Oaxaca,San Miguel Yotao,San Miguel Yotao,17.37046,-96.33724,585,313,272,155,378,52,6.76,264,541,231,3.28,76
Oaxaca,San Miguel del Puerto,Barra Copalita,15.81768,-96.06262,8551,4283,4268,2390,5356,793,6.34,3791,412,3309,3.59,1849
Oaxaca,San Miguel del Río,San Miguel del Río,17.32166,-96.56922,245,123,122,52,153,40,7.1,72,162,160,3.22,120
Oaxaca,San Miguel el Grande,San Miguel el Grande,17.04674,-97.62217,4313,2305,2008,1120,2641,552,9.04,1944,2071,2879,3.2,571
Oaxaca,San Nicolás,San Nicolás,16.41596,-96.74082,1214,634,580,341,684,189,5.54,423,4,536,3.25,267
Oaxaca,San Nicolás Hidalgo,San Nicolás Hidalgo,17.78292,-98.14258,1043,544,499,300,590,153,6.61,298,2,453,3.88,317
Oaxaca,San Pablo Coatlán,San Francisco Coatlán,16.18665,-96.77153,4308,2201,2107,1331,2519,458,6.65,1263,61,1452,3.91,555
Oaxaca,San Pablo Cuatro Venados,Río Jalapilla,17.01136,-96.88963,1510,792,718,499,873,138,7.21,425,121,502,4.29,531
Oaxaca,San Pablo Etla,Hacienda Blanca,17.13422,-96.77763,17116,9083,8033,4022,11996,1036,11.55,9068,755,7018,3.38,5527
Oaxaca,San Pablo Huitzo,San Pablo Huitzo,17.27737,-96.8845,7035,3717,3318,1707,4510,818,9.81,3465,151,2601,3.7,2632
Oaxaca,San Pablo Huixtepec,San Pablo Huixtepec,16.82674,-96.781,10020,5299,4721,2522,6364,1130,9.09,4904,175,4007,3.73,4560
Oaxaca,San Pablo Macuiltianguis,San Juan Luvina,17.50437,-96.55078,955,477,478,213,522,220,6.89,218,590,533,3.09,65
Oaxaca,San Pablo Tijaltepec,El Porvenir,17.03863,-97.50825,2751,1474,1277,907,1657,187,6.76,582,2511,1523,4.45,146
Oaxaca,San Pablo Villa de Mitla,San Pablo Villa de Mitla,16.92186,-96.36215,13587,7061,6526,3418,8808,1361,7.39,7700,3851,4828,3.75,5415
Oaxaca,San Pablo Yaganiza,San Pablo Yaganiza,17.14608,-96.22957,1125,582,543,304,685,136,6.63,477,900,447,3.48,161
Oaxaca,San Pedro Amuzgos,San Pedro Amuzgos,16.6539,-98.08993,6632,3552,3080,1904,4116,612,6.85,3113,4831,2592,3.51,1688
Oaxaca,San Pedro Apóstol,San Pedro Apóstol,16.73515,-96.72603,1594,847,747,381,966,247,7.76,668,36,809,3.51,329
Oaxaca,San Pedro Atoyac,San Pedro Atoyac,16.48908,-97.98698,4559,2446,2113,1584,2638,337,6.04,1040,3158,1411,4.07,482
Oaxaca,San Pedro Cajonos,San Pedro Cajonos,17.16867,-96.26064,1081,586,495,271,618,192,7.09,442,822,602,2.99,413
Oaxaca,San Pedro Comitancillo,San Pedro Comitancillo,16.4903,-95.15988,4333,2268,2065,952,2770,611,10.75,1853,1789,1927,3.02,400
Oaxaca,San Pedro Coxcaltepec Cántaros,Yododeñe,17.53631,-97.14823,716,382,334,179,382,155,6.45,273,52,512,3.1,124
Oaxaca,San Pedro Huamelula,El Coyul,15.91436,-95.81031,9735,4933,4802,2601,6004,1130,7.55,4623,1516,4181,3.13,1999
Oaxaca,San Pedro Huilotepec,San Pedro Huilotepec,16.24366,-95.15293,3307,1684,1623,944,2099,264,8.22,1407,1375,992,3.81,561
Oaxaca,San Pedro Ixcatlán,San Pedro Ixcatlán,18.14566,-96.51062,10368,5392,4976,3543,5875,950,6.1,2718,8055,3668,3.57,1512
Oaxaca,San Pedro Ixtlahuaca,San Pedro Ixtlahuaca,17.06328,-96.82009,14552,7434,7118,4521,9335,693,8.31,7048,2327,5075,3.93,5681
Oaxaca,San Pedro Jaltepetongo,San Pedro Jaltepetongo,17.68785,-97.03494,483,252,231,126,240,117,5.66,93,380,355,3,12
Oaxaca,San Pedro Jicayán,San Pedro Jicayán,16.45219,-98.0152,11279,6007,5272,3843,6305,1096,6.84,3904,9144,3665,4.19,2900
Oaxaca,San Pedro Jocotipac,San Pedro Jocotipac,17.76856,-97.0802,730,389,341,133,423,174,5.84,335,424,523,2.7,41
Oaxaca,San Pedro Juchatengo,San Pedro Juchatengo,16.34095,-97.08732,1755,913,842,429,1149,177,7.13,602,30,664,3.56,933
Oaxaca,San Pedro Mixtepec,Puerto Escondido,15.8625,-97.0713,49780,25772,24008,13807,32817,3151,8.7,26589,1849,18452,3.57,16722
Oaxaca,San Pedro Mixtepec,San Pedro Mixtepec Distrito 26,16.2718,-96.2828,972,504,468,256,555,161,6.77,180,884,587,3.03,203
Oaxaca,San Pedro Molinos,San Pedro Molinos,17.10464,-97.54112,706,367,339,180,398,128,7.53,278,440,533,3.12,185
Oaxaca,San Pedro Mártir,San Pedro Mártir,16.74449,-96.71222,1899,1032,867,546,1094,259,6.64,764,835,705,3.87,978
Oaxaca,San Pedro Mártir Quiechapa,San Pedro Mártir Quiechapa,16.41523,-96.24754,738,392,346,163,477,98,8.16,229,170,375,3.31,129
Oaxaca,San Pedro Mártir Yucuxaco,San Pedro Mártir Yucuxaco,17.43263,-97.61008,1257,658,599,308,770,179,7.39,448,16,895,2.92,715
Oaxaca,San Pedro Nopala,San Pedro Nopala,17.80629,-97.54131,751,393,358,226,402,123,6.2,347,1,331,3.74,188
Oaxaca,San Pedro Ocopetatillo,San Pedro Ocopetatillo,18.18494,-96.91315,786,438,348,212,439,135,4.91,324,669,390,3.21,78
Oaxaca,San Pedro Ocotepec,San Pedro Ocotepec,16.95542,-95.84675,2404,1208,1196,706,1460,238,6.77,826,2217,694,4.32,25
Oaxaca,San Pedro Pochutla,San Pedro Pochutla,15.74634,-96.46523,48204,24685,23519,14206,30330,3668,7.79,23849,3372,16098,3.79,18655
Oaxaca,San Pedro Quiatoni,San Pedro Quiatoni,16.7832,-96.03155,11930,6149,5781,3504,7468,958,5.66,4074,10793,4499,3.8,2568
Oaxaca,San Pedro Sochiápam,San Pedro Sochiápam,17.82514,-96.6644,5052,2614,2438,1796,2788,468,5.81,1387,4437,1435,4.17,1272
Oaxaca,San Pedro Tapanatepec,San Pedro Tapanatepec,16.36725,-94.19385,15479,7865,7614,4405,9312,1762,7.15,7699,559,5905,3.39,4758
Oaxaca,San Pedro Taviche,San Pedro Taviche,16.63785,-96.5376,1441,750,691,464,883,94,6.21,553,0,389,4.01,320
Oaxaca,San Pedro Teozacoalco,San Pedro Teozacoalco,17.01713,-97.2861,1153,578,575,308,678,167,6.88,382,20,654,3.27,374
Oaxaca,San Pedro Teutila,Santo Domingo del Río,18.03638,-96.54762,4296,2196,2100,1261,2587,447,6.43,1492,796,1508,3.67,546
Oaxaca,San Pedro Tidaá,San Pedro Tidaá,17.34076,-97.37727,982,531,451,262,495,225,6.09,428,348,964,2.84,136
Oaxaca,San Pedro Topiltepec,Santa María Tiltepec,17.46641,-97.35568,373,190,183,70,197,106,6.74,154,7,400,2.85,52
Oaxaca,San Pedro Totolápam,San Pedro Totolápam,16.66644,-96.30191,3294,1657,1637,798,2103,391,7.72,1306,301,1248,3.4,930
Oaxaca,San Pedro Yaneri,San Pedro Yaneri,17.41936,-96.35457,867,449,418,248,542,77,6.82,292,801,432,3.44,86
Oaxaca,San Pedro Yucunama,San Pedro Yucunama,17.561,-97.48259,241,132,109,53,152,36,7.64,101,1,227,3.3,47
Oaxaca,San Pedro Yólox,San Pedro Yólox,17.58844,-96.55158,1697,878,819,418,1029,250,5.79,478,1417,825,3.41,94
Oaxaca,San Pedro el Alto,San Pedro el Alto,16.03362,-96.47372,4654,2398,2256,1694,2647,313,5.34,1454,3097,1516,4.66,679
Oaxaca,San Pedro y San Pablo Ayutla,San Pedro y San Pablo Ayutla,17.02715,-96.07708,5616,3083,2533,1733,3131,752,5.34,2180,4384,2535,3.38,1544
Oaxaca,San Pedro y San Pablo Teposcolula,San Pedro y San Pablo Teposcolula,17.51207,-97.48819,4353,2299,2054,1125,2717,511,9.24,1825,119,2693,3.54,866
Oaxaca,San Pedro y San Pablo Tequixtepec,San Pedro y San Pablo Tequixtepec,18.06066,-97.71785,1747,947,800,340,933,474,6.93,606,290,1536,2.8,360
Oaxaca,San Raymundo Jalpan,San Raymundo Jalpan,16.9704,-96.7555,4105,2186,1919,1044,2816,245,11.07,2102,236,1935,3.18,1199
Oaxaca,San Sebastián Abasolo,San Sebastián Abasolo,16.99468,-96.58886,1999,1051,948,436,1265,298,7.54,954,468,782,3.52,860
Oaxaca,San Sebastián Coatlán,San Sebastián Coatlán,16.20126,-96.82754,2809,1450,1359,890,1648,271,6.57,889,30,1116,3.48,523
Oaxaca,San Sebastián Ixcapa,San Sebastián Ixcapa,16.54367,-98.14449,4188,2154,2034,1198,2498,492,7.53,1434,298,1624,3.45,927
Oaxaca,San Sebastián Nicananduta,San Sebastián Nicananduta,17.5179,-97.68327,1542,838,704,423,874,245,6.26,490,725,952,3.19,250
Oaxaca,San Sebastián Río Hondo,San Sebastián Río Hondo,16.18283,-96.46406,4202,2102,2100,1209,2625,351,7.2,1571,352,1413,4.14,933
Oaxaca,San Sebastián Tecomaxtlahuaca,San Sebastián Tecomaxtlahuaca,17.34586,-98.03117,8192,4283,3909,2173,4918,1101,6.34,4259,2133,4388,3.56,2706
Oaxaca,San Sebastián Teitipac,San Sebastián Teitipac,16.95142,-96.61402,2189,1182,1007,526,1358,305,7.11,835,487,912,3.43,1193
Oaxaca,San Sebastián Tutla,El Rosario,17.04787,-96.68762,16878,9172,7706,3396,12273,1194,12.58,9226,878,6095,3.35,5073
Oaxaca,San Simón Almolongas,San Simón Almolongas,16.40741,-96.71967,2802,1469,1333,767,1639,396,5.55,964,22,1309,3.34,839
Oaxaca,San Simón Zahuatlán,San Simón Zahuatlán,17.82885,-98.00453,4940,2471,2469,1985,2725,230,4.08,848,4368,827,8.29,3120
Oaxaca,San Vicente Coatlán,San Vicente Coatlán,16.38689,-96.84495,3512,1895,1617,1106,2004,402,5.23,809,3004,1377,4.15,996
Oaxaca,San Vicente Lachixío,Ejido el Rincón,16.63473,-97.04015,3227,1767,1460,1094,1903,230,6.44,891,2921,1132,4.49,1282
Oaxaca,San Vicente Nuñú,San Vicente Nuñú,17.45676,-97.44228,449,238,211,91,271,87,7.18,229,4,450,2.97,32
Oaxaca,Santa Ana,Santa Ana,16.34064,-96.71761,2406,1218,1188,723,1431,252,6.52,786,14,862,3.87,741
Oaxaca,Santa Ana Ateixtlahuaca,Santa Ana Ateixtlahuaca,18.21058,-96.90638,477,239,238,118,274,85,5.1,170,410,216,3.36,400
Oaxaca,Santa Ana Cuauhtémoc,Santa Ana Cuauhtémoc,17.98384,-96.7947,681,339,342,176,384,121,5.55,234,280,371,2.92,57
Oaxaca,Santa Ana Tavela,Santa Ana Tavela,16.65465,-95.91157,848,439,409,147,529,172,6.97,275,14,429,3.15,179
Oaxaca,Santa Ana Tlapacoyan,Santa Ana Tlapacoyan,16.744,-96.83708,1958,1033,925,461,1110,387,6.49,759,14,1092,3.18,878
Oaxaca,Santa Ana Yareni,Santa Ana Yareni,17.39779,-96.61078,637,356,281,104,370,163,5.41,177,586,491,2.72,156
Oaxaca,Santa Ana Zegache,Santa Ana Zegache,16.83788,-96.72594,3981,2118,1863,993,2457,531,7.09,1451,941,1487,3.4,1685
Oaxaca,Santa Ana del Valle,Santa Ana del Valle,16.99483,-96.47167,2179,1103,1076,530,1342,307,6.69,830,1451,930,3.61,1349
Oaxaca,Santa Catalina Quierí,Santa Catalina Quierí,16.3222,-96.26586,825,459,366,209,489,127,5.74,270,778,418,3.27,96
Oaxaca,Santa Catarina Cuixtla,Santa Catarina Cuixtla,16.3044,-96.64474,1495,820,675,342,850,303,6.72,645,204,759,3.44,526
Oaxaca,Santa Catarina Ixtepeji,Santa Catarina Ixtepeji,17.26555,-96.5617,2675,1413,1262,626,1707,342,7.68,1071,112,1066,3.47,1089
Oaxaca,Santa Catarina Juquila,Santa Catarina Juquila,16.23701,-97.29247,18654,9673,8981,5994,11409,1251,6.79,8472,5702,5136,4.32,4602
Oaxaca,Santa Catarina Lachatao,Benito Juárez,17.11165,-96.49321,1059,574,485,244,625,190,7.54,437,413,800,2.84,209
Oaxaca,Santa Catarina Loxicha,Santa Catarina Loxicha,16.0695,-96.75487,3676,1947,1729,1341,2020,315,5.91,924,278,1516,4.08,1229
Oaxaca,Santa Catarina Mechoacán,Santa Catarina Mechoacán,16.33443,-97.83603,4582,2344,2238,1245,2943,394,6.38,1755,3853,1430,3.99,1039
Oaxaca,Santa Catarina Minas,Santa Catarina Minas,16.77919,-96.61546,2067,1039,1028,544,1280,243,7.32,786,17,709,3.75,531
Oaxaca,Santa Catarina Quiané,Santa Catarina Quiané,16.88031,-96.74075,2193,1124,1069,553,1377,263,7.93,931,30,896,3.34,291
Oaxaca,Santa Catarina Quioquitani,Santa Catarina Quioquitani,16.31565,-96.28496,456,225,231,141,264,51,6.81,122,342,208,3.56,15
Oaxaca,Santa Catarina Tayata,Santa Catarina Tayata,17.3478,-97.55838,662,346,316,155,399,108,9.03,204,65,411,3.18,134
Oaxaca,Santa Catarina Ticuá,Santa Catarina Ticuá,17.07124,-97.53486,986,558,428,233,530,223,7.05,367,547,1027,2.76,220
Oaxaca,Santa Catarina Yosonotú,Santa Catarina Yosonotú,17.02055,-97.66213,1316,725,591,279,725,312,5.57,388,1033,1258,2.74,69
Oaxaca,Santa Catarina Zapoquila,Santa Catarina Zapoquila,18.06456,-97.60166,403,202,201,96,223,84,6.8,136,2,292,3.17,41
Oaxaca,Santa Cruz Acatepec,Santa Cruz Acatepec,18.16376,-96.87532,1645,872,773,569,930,146,6.33,576,1289,522,3.9,186
Oaxaca,Santa Cruz Amilpas,Santa Cruz Amilpas,17.0587,-96.68402,13200,7010,6190,3257,9239,695,10.7,6820,1997,4275,3.68,4308
Oaxaca,Santa Cruz Itundujia,Zaragoza,16.66882,-97.79291,10860,5680,5180,3353,6374,1133,7.18,3303,1051,4803,3.62,1038
Oaxaca,Santa Cruz Mixtepec,Santa Cruz Mixtepec,16.79244,-96.88241,3720,1928,1792,1068,2242,410,7.36,1306,879,1460,3.84,1055
Oaxaca,Santa Cruz Nundaco,Ojo de Agua,17.13445,-97.7099,2951,1624,1327,950,1684,317,7.19,639,2228,1590,3.72,726
Oaxaca,Santa Cruz Papalutla,Santa Cruz Papalutla,16.95949,-96.58491,2242,1148,1094,558,1392,292,7.28,1093,549,835,3.48,533
Oaxaca,Santa Cruz Tacache de Mina,Santa Cruz Tacache de Mina,17.82766,-98.15079,2940,1552,1388,882,1692,366,7.04,931,4,1350,3.72,515
Oaxaca,Santa Cruz Tacahua,Santa Cruz Tacahua,16.9189,-97.49217,1182,621,561,300,686,196,7.02,232,383,591,3.33,80
Oaxaca,Santa Cruz Tayata,La Estancia,17.39684,-97.55451,595,302,293,158,350,87,7.79,198,3,303,3.36,83
Oaxaca,Santa Cruz Xitla,Santa Cruz Xitla,16.32244,-96.67313,4794,2513,2281,1472,2843,479,5.46,1744,2659,1558,4.22,1365
Oaxaca,Santa Cruz Xoxocotlán,Santa Cruz Xoxocotlán,17.02728,-96.73436,100402,53386,47016,24475,69123,6324,10.87,54175,9089,36225,3.65,37709
Oaxaca,Santa Cruz Zenzontepec,Quinicuena,16.53239,-97.52344,19079,9836,9243,6607,11295,1177,5.8,3516,12253,5483,4.25,840
Oaxaca,Santa Cruz de Bravo,Santa Cruz de Bravo,17.58137,-98.22399,365,195,170,97,191,77,5.99,123,6,244,3.65,14
Oaxaca,Santa Gertrudis,Santa Gertrudis,16.78659,-96.79721,2891,1505,1386,696,1776,419,7.34,1022,15,1250,3.45,790
Oaxaca,Santa Inés Yatzeche,Santa Inés Yatzeche,16.80867,-96.75632,908,486,422,159,600,149,5.07,528,844,370,3.93,41
Oaxaca,Santa Inés de Zaragoza,Santa Inés de Zaragoza,17.2285,-97.15922,1454,760,694,416,686,352,6.49,434,494,1124,2.93,231
Oaxaca,Santa Inés del Monte,Santa Inés del Monte,16.92577,-96.86169,2809,1419,1390,946,1669,194,6.38,928,25,914,4.37,699
Oaxaca,Santa Lucía Miahuatlán,Santa Lucía Miahuatlán,16.18647,-96.61821,3375,1728,1647,1215,1923,237,4.59,726,3099,1371,4.1,697
Oaxaca,Santa Lucía Monteverde,San Sebastián Nopalera,16.94281,-97.77765,6726,3494,3232,1969,3893,861,6.56,1690,3425,3613,3.42,623
Oaxaca,Santa Lucía Ocotlán,Santa Lucía Ocotlán,16.74219,-96.6804,4173,2202,1971,1128,2679,366,5.96,1692,3043,1209,4.06,630
Oaxaca,Santa Lucía del Camino,Santa Lucía del Camino,17.06412,-96.69468,50362,26191,24171,11003,35033,4050,11.45,26838,5865,17626,3.46,17643
Oaxaca,Santa Magdalena Jicotlán,Santa Magdalena Jicotlán,17.80702,-97.47065,81,40,41,11,48,22,7.84,42,1,120,2.7,31
Oaxaca,Santa María Alotepec,Santa María Alotepec,17.0921,-95.85457,2796,1443,1353,684,1762,350,7.37,1007,2509,1156,3.39,498
Oaxaca,Santa María Apazco,Santa María Apazco,17.63458,-97.10039,1629,889,740,415,822,392,4.88,696,1261,990,3.12,352
Oaxaca,Santa María Atzompa,Santa María Atzompa,17.10287,-96.77926,41921,21973,19948,11137,28533,2152,10.43,22028,4982,15282,3.69,16594
Oaxaca,Santa María Camotlán,Santa María Camotlán,17.89956,-97.69338,1713,892,821,439,974,300,6.94,698,7,895,3.23,329
Oaxaca,Santa María Chachoápam,Santa María Chachoápam,17.52516,-97.2835,761,394,367,149,463,149,8.22,326,13,429,3.08,206
Oaxaca,Santa María Chilchotla,Santa María Chilchotla,18.23424,-96.83054,21469,11096,10373,7018,12268,2183,5.24,6813,18110,7466,3.81,3685
Oaxaca,Santa María Chimalapa,Santa María Chimalapa,16.90992,-94.68302,9578,4788,4790,2479,4458,612,5.83,2564,3172,3250,3.63,2130
Oaxaca,Santa María Colotepec,Brisas de Zicatela,15.83786,-97.04181,27046,13805,13241,8154,17230,1644,8.12,12582,1988,9019,3.82,8663
Oaxaca,Santa María Cortijo,Santa María Cortijo,16.4508,-98.28572,1067,549,518,327,634,106,7.08,375,46,464,3.27,274
Oaxaca,Santa María Coyotepec,Santa María Coyotepec,16.96716,-96.70674,3751,1983,1768,967,2513,246,9.71,1748,273,1362,3.48,1475
Oaxaca,Santa María Ecatepec,Santa María Zapotitlán,16.12775,-95.85198,3418,1684,1734,1064,1925,429,7.42,1149,1219,1303,3.76,475
Oaxaca,Santa María Guelacé,Santa María Guelacé,17.00088,-96.60283,908,479,429,198,605,105,8.36,462,129,318,3.62,433
Oaxaca,Santa María Guienagati,Santa María Guienagati,16.73798,-95.35449,3178,1624,1554,1033,1881,264,6.34,999,765,1409,3.51,788
Oaxaca,Santa María Huatulco,Crucecita,15.76476,-96.13508,50862,26008,24854,13441,34824,2564,9.17,28091,2203,20147,3.34,16276
Oaxaca,Santa María Huazolotitlán,Santa María Huazolotitlán,16.30222,-97.91286,11995,6105,5890,3339,7391,1265,7.03,4640,3220,4551,3.35,3384
Oaxaca,Santa María Ipalapa,Santa María Ipalapa,16.63622,-98.03382,4878,2576,2302,1531,2821,526,6.27,1477,691,1999,3.78,918
Oaxaca,Santa María Ixcatlán,Santa María Ixcatlán,17.85159,-97.19048,461,237,224,78,272,111,6.01,254,24,339,2.83,359
Oaxaca,Santa María Jacatepec,La Joya de Santa María Jacatepec,17.87151,-96.02261,9682,5094,4588,2791,5916,975,6.98,3610,5324,3440,3.7,1894
Oaxaca,Santa María Jalapa del Marqués,Santa María Jalapa del Marqués,16.44007,-95.44338,11735,6075,5660,2919,7411,1387,8.66,5616,477,4778,3.26,2914
Oaxaca,Santa María Jaltianguis,Santa María Jaltianguis,17.36561,-96.52827,592,314,278,146,350,96,8.14,218,263,391,3.36,85
Oaxaca,Santa María Lachixío,Santa María Lachixío,16.72776,-97.01921,1679,919,760,531,1040,108,6.62,477,1433,581,4.11,137
Oaxaca,Santa María Mixtequilla,Santa María Mixtequilla,16.37371,-95.26047,4690,2412,2278,1139,3018,533,8.66,2099,71,2003,3.11,664
Oaxaca,Santa María Nativitas,San José Monte Verde,17.64329,-97.34267,603,327,276,138,352,113,7.82,209,173,590,3.03,126
Oaxaca,Santa María Nduayaco,San José de Gracia,17.43364,-97.49427,453,234,219,78,250,125,6.32,158,6,455,3.11,102
Oaxaca,Santa María Ozolotepec,Santa María Ozolotepec,16.13084,-96.37007,3793,1958,1835,1234,2191,368,6.03,1244,762,1476,3.91,914
Oaxaca,Santa María Petapa,Rincón Viejo,16.88867,-95.04091,16706,8626,8080,3956,9610,1477,7.8,7482,3451,6121,3.38,5798
Oaxaca,Santa María Peñoles,El Manzanito,16.96888,-97.03097,8967,4644,4323,3119,5032,816,6.62,2391,7481,2676,5.18,2068
Oaxaca,Santa María Pápalo,Santa María Pápalo,17.78416,-96.79736,2058,1030,1028,540,1312,206,6.27,747,1712,964,3.25,329
Oaxaca,Santa María Quiegolani,Santa María Quiegolani,16.27721,-96.052,2224,1090,1134,798,1251,175,6.74,590,1788,671,4.02,168
Oaxaca,Santa María Sola,Santa Rosa Matagallinas,16.5886,-97.01979,1516,780,736,388,883,245,6.24,517,47,637,3.45,764
Oaxaca,Santa María Tataltepec,Santa María Tataltepec,17.14246,-97.39512,317,163,154,59,194,64,8.06,129,38,198,3.45,59
Oaxaca,Santa María Tecomavaca,Santa María Tecomavaca,17.95626,-97.02444,1830,939,891,477,1150,203,8.56,794,269,679,3.77,297
Oaxaca,Santa María Temaxcalapa,Santa María Temaxcalapa,17.3811,-96.16248,903,460,443,174,593,136,6.9,412,830,396,3.02,167
Oaxaca,Santa María Temaxcaltepec,Santa María Temaxcaltepec,16.16311,-97.19465,2694,1472,1222,1066,1483,145,4.62,676,2344,827,4.33,531
Oaxaca,Santa María Teopoxco,Santa María Teopoxco,18.16666,-96.95514,3985,2195,1790,1397,2095,493,5.01,1086,3463,1834,3.54,254
Oaxaca,Santa María Tepantlali,Santa María Tepantlali,16.99751,-96.01012,3576,1839,1737,1138,2134,304,5.27,1091,3211,1367,3.83,698
Oaxaca,Santa María Texcatitlán,Santa María Texcatitlán,17.7129,-97.06669,896,464,432,251,490,155,5.27,370,807,470,3.06,22
Oaxaca,Santa María Tlahuitoltepec,Santa María Tlahuitoltepec,17.09754,-96.06325,9653,5078,4575,2931,5747,975,6.83,3365,8692,4547,3.88,2671
Oaxaca,Santa María Tlalixtac,Santa María Tlalixtac,17.95168,-96.73808,1839,915,924,620,1054,165,5.66,536,676,630,3.78,257
Oaxaca,Santa María Tonameca,San Francisco Cozoaltepec,15.81243,-96.72196,25347,12983,12364,8032,15610,1705,6.53,11669,8258,8197,3.93,6587
Oaxaca,Santa María Totolapilla,Santa María Totolapilla,16.60323,-95.62545,812,416,396,171,491,150,6.21,255,314,417,2.7,82
Oaxaca,Santa María Xadani,Santa María Xadani,16.3603,-95.01985,9234,4674,4560,3171,5522,533,5.96,4514,8042,2923,4.13,1436
Oaxaca,Santa María Yalina,Santa María Yalina,17.24047,-96.26278,250,138,112,56,151,43,7.14,75,156,220,3.01,19
Oaxaca,Santa María Yavesía,Santa María Yavesía,17.23422,-96.42952,434,235,199,104,250,80,8.35,102,112,260,2.97,17
Oaxaca,Santa María Yolotepec,Santa María Yolotepec,16.8768,-97.50533,481,255,226,147,266,68,7.37,187,226,303,3.1,227
Oaxaca,Santa María Yosoyúa,Buenavista,17.10491,-97.49836,1699,886,813,468,1073,158,8.1,772,1377,668,4.44,111
Oaxaca,Santa María Yucuhiti,Guadalupe Buenavista,17.03153,-97.80466,6008,3158,2850,1568,3501,939,7.37,1985,5276,2390,3.6,780
Oaxaca,Santa María Zacatepec,Santa María Zacatepec,16.76389,-97.98988,17100,8954,8146,5252,10266,1582,6.46,7647,3589,6363,3.84,4614
Oaxaca,Santa María Zaniza,Santa María Zaniza,16.6551,-97.33854,2469,1279,1190,1030,1316,123,6.52,611,446,669,4.9,103
Oaxaca,Santa María Zoquitlán,Santa María Zoquitlán,16.55836,-96.35287,3294,1664,1630,852,1940,501,5.95,1113,13,1756,3.19,721
Oaxaca,Santa María del Rosario,Santa María del Rosario,17.35176,-97.59382,499,253,246,139,287,73,7.77,257,65,283,3.47,122
Oaxaca,Santa María del Tule,Santa María del Tule,17.0467,-96.63659,8939,4800,4139,1953,6101,856,11.3,4548,533,3176,3.47,2643
Oaxaca,Santa María la Asunción,Santa María la Asunción,18.10822,-96.81937,3259,1827,1432,993,1833,433,3.97,1134,2837,1313,3.45,438
Oaxaca,Santiago Amoltepec,Santiago Amoltepec,16.64091,-97.4948,13855,7070,6785,5905,7332,618,5.7,1928,7121,3858,4.6,1021
Oaxaca,Santiago Apoala,San Antonio Nduayaco,17.68556,-97.14754,1019,550,469,267,487,265,5.07,341,840,699,2.97,165
Oaxaca,Santiago Apóstol,Santiago Apóstol,16.80426,-96.72241,4421,2415,2006,1080,2764,577,5.68,1847,2723,1817,3.83,2496
Oaxaca,Santiago Astata,Santiago Astata,15.98763,-95.67587,3918,1970,1948,1030,2428,460,7.89,1617,384,1852,3.06,865
Oaxaca,Santiago Atitlán,Estancia de Morelos,17.05132,-95.88988,3556,1773,1783,985,2251,320,6.53,1483,3252,1150,3.98,869
Oaxaca,Santiago Ayuquililla,Santiago Ayuquililla,17.93511,-97.95826,2904,1497,1407,957,1611,336,6.37,939,12,1183,3.8,676
Oaxaca,Santiago Cacaloxtepec,Santiago Cacaloxtepec,17.72024,-97.74049,1667,865,802,422,1000,245,6.47,686,448,1102,3.37,571
Oaxaca,Santiago Camotlán,San Francisco Yovego,17.55211,-96.22461,3346,1715,1631,888,2188,270,6.44,1097,2769,1150,3.71,1291
Oaxaca,Santiago Choápam,San Juan Teotalcingo,17.41764,-95.94841,5242,2751,2491,1604,3102,518,5.83,1775,2358,1806,3.73,1395
Oaxaca,Santiago Comaltepec,Santiago Comaltepec,17.56413,-96.54781,1157,617,540,292,635,230,7.34,368,914,665,3.35,107
Oaxaca,Santiago Huajolotitlán,Santiago Huajolotitlán,17.82665,-97.73177,4600,2387,2213,1170,2879,551,8.3,2056,37,2046,3.57,1901
Oaxaca,Santiago Huauclilla,Santiago Huauclilla,17.45084,-97.07153,525,280,245,86,280,159,6.42,174,11,510,2.68,148
Oaxaca,Santiago Ihuitlán Plumas,Santiago Ihuitlán Plumas,17.84847,-97.42974,341,186,155,90,178,73,6.59,137,24,405,2.83,55
Oaxaca,Santiago Ixcuintepec,Santiago Ixcuintepec,16.93481,-95.62311,1636,861,775,554,951,131,5.84,469,1095,545,3.96,167
Oaxaca,Santiago Ixtayutla,Santiago Ixtayutla,16.56501,-97.65197,13880,7329,6551,4948,8222,710,5.04,3199,10663,4067,4.4,2046
Oaxaca,Santiago Jamiltepec,Santiago Jamiltepec,16.27946,-97.81968,19112,9953,9159,5546,11686,1880,7.57,8919,4209,7448,3.46,6024
Oaxaca,Santiago Jocotepec,Río Chiquito,17.61886,-95.93644,14198,7335,6863,5051,8054,1093,5.32,5715,9100,4003,4.15,3640
Oaxaca,Santiago Juxtlahuaca,Santiago Juxtlahuaca,17.33529,-98.01245,34735,18208,16527,11944,19750,3037,6.85,16189,20714,12067,4.51,11251
Oaxaca,Santiago Lachiguiri,Santiago Lachiguiri,16.68646,-95.53266,4394,2259,2135,1024,2800,570,6.29,1783,2118,2545,3.06,750
Oaxaca,Santiago Lalopa,Santiago Lalopa,17.41796,-96.24859,431,228,203,90,290,51,7.45,184,395,251,3.22,48
Oaxaca,Santiago Laollaga,Santiago Laollaga,16.58489,-95.20458,3361,1732,1629,779,2084,498,8.7,1412,300,1579,3.01,609
Oaxaca,Santiago Laxopa,Santiago Laxopa,17.21976,-96.3134,1291,696,595,334,787,170,6.96,318,984,597,3.44,100
Oaxaca,Santiago Llano Grande,Santiago Llano Grande,16.48943,-98.28967,3440,1724,1716,989,1990,461,7.52,1212,72,1442,3.26,706
Oaxaca,Santiago Matatlán,San Pablo Guilá,16.80282,-96.43968,10175,5461,4714,2698,6421,1056,6.58,4903,8029,4002,4.01,3275
Oaxaca,Santiago Miltepec,Santiago Miltepec,17.98473,-97.68929,421,211,210,106,248,67,7.3,150,3,278,2.94,48
Oaxaca,Santiago Minas,Santiago Minas,16.42618,-97.22815,1327,675,652,349,836,142,5.29,368,100,539,3.72,155
Oaxaca,Santiago Nacaltepec,Santiago Nacaltepec,17.50547,-96.9165,1599,864,735,358,809,432,6.07,398,25,1154,2.76,283
Oaxaca,Santiago Nejapilla,Santiago Nejapilla,17.42028,-97.37262,174,90,84,25,98,51,5.88,77,3,214,2.56,37
Oaxaca,Santiago Niltepec,Santiago Niltepec,16.56209,-94.613,5342,2727,2615,1306,3170,844,7.17,2365,59,2505,3.06,1180
Oaxaca,Santiago Nundiche,Ignacio Allende las Huertas,17.3407,-97.70583,1351,707,644,322,845,184,7.61,524,1171,828,3.32,382
Oaxaca,Santiago Nuyoó,Santiago Nuyoó,17.01517,-97.76654,1898,988,910,500,1032,366,7.23,901,1640,930,3.24,138
Oaxaca,Santiago Pinotepa Nacional,Santiago Pinotepa Nacional,16.33901,-98.05035,55840,28626,27214,16127,35350,4355,8.32,27613,9466,21105,3.58,22046
Oaxaca,Santiago Suchilquitongo,Santiago Suchilquitongo,17.24713,-96.87369,10886,5642,5244,2754,7182,950,8.74,5378,123,3480,3.8,4049
Oaxaca,Santiago Tamazola,Santiago Tamazola,17.66931,-98.2208,4458,2356,2102,1392,2505,561,6.62,1381,237,1980,3.96,655
Oaxaca,Santiago Tapextla,Santiago Tapextla,16.34097,-98.44747,3134,1552,1582,1152,1658,324,5.54,823,44,1112,3.89,730
Oaxaca,Santiago Tenango,Santiago Tenango,17.32492,-97.0041,1966,997,969,540,1208,218,8.32,644,20,860,3.34,700
Oaxaca,Santiago Tepetlapa,Santiago Tepetlapa,17.7826,-97.40154,130,78,52,32,70,28,6.35,49,1,146,3.17,49
Oaxaca,Santiago Tetepec,Santiago Tetepec,16.32227,-97.74825,4909,2531,2378,1527,2924,458,6.58,1535,1177,1685,3.64,1232
Oaxaca,Santiago Texcalcingo,Santiago Texcalcingo,18.2082,-96.96877,2974,1569,1405,966,1754,254,5.12,800,2683,1165,3.9,729
Oaxaca,Santiago Textitlán,Santiago Sochiltepec,16.66613,-97.25665,4930,2510,2420,1850,2810,270,7.97,1227,1155,1127,5.27,356
Oaxaca,Santiago Tilantongo,Santiago Tilantongo,17.28308,-97.3398,2764,1490,1274,774,1458,532,6.24,943,1307,2009,2.98,323
Oaxaca,Santiago Tillo,Santiago Tillo,17.46028,-97.31972,545,286,259,127,325,93,8.31,253,13,379,3.11,99
Oaxaca,Santiago Tlazoyaltepec,Santiago Huaxolotipac,16.97414,-97.08599,6300,3394,2906,2130,3582,588,6.29,1461,4874,2174,4.78,1108
Oaxaca,Santiago Xanica,San Felipe Lachilló,16.01014,-96.15471,3029,1491,1538,1037,1732,260,5.39,986,1285,1231,3.74,522
Oaxaca,Santiago Xiacuí,Trinidad Ixtlán,17.26641,-96.41758,1893,987,906,472,1186,235,8.65,719,193,1018,3.43,323
Oaxaca,Santiago Yaitepec,Santiago Yaitepec,16.22557,-97.26936,4233,2327,1906,1512,2384,337,3.99,1325,3819,1184,4.44,1140
Oaxaca,Santiago Yaveo,Francisco Villa,17.47485,-95.45424,7593,3806,3787,2297,4597,697,6.46,3009,1841,2685,3.62,1770
Oaxaca,Santiago Yolomécatl,Santiago Yolomécatl,17.47093,-97.56975,1922,1038,884,472,1203,247,9.31,811,73,1212,3.56,336
Oaxaca,Santiago Yosondúa,Santiago Yosondúa,16.87338,-97.57661,7991,4238,3753,2384,4489,1118,6.71,4167,1818,4208,3.28,1371
Oaxaca,Santiago Yucuyachi,Santa Rosa de Juárez,17.6142,-98.23386,998,505,493,225,522,251,5.58,257,127,806,3.05,221
Oaxaca,Santiago Zacatepec,Santiago Zacatepec,17.1594,-95.91496,5089,2610,2479,1595,2885,609,5.19,1692,4494,1945,3.55,698
Oaxaca,Santiago Zoochila,Santiago Zoochila,17.22057,-96.24214,425,219,206,92,256,77,6.82,181,249,205,3.43,130
Oaxaca,Santiago del Río,Santiago del Río,17.45598,-98.08854,527,276,251,113,259,155,4.69,108,112,518,2.8,118
Oaxaca,Santo Domingo Albarradas,Santo Domingo Albarradas,17.06804,-96.20009,798,421,377,179,494,125,6.51,308,571,365,3.44,165
Oaxaca,Santo Domingo Armenta,Santo Domingo Armenta,16.33297,-98.37815,3155,1573,1582,1023,1780,351,6.13,1159,56,1400,3.37,715
Oaxaca,Santo Domingo Chihuitán,Santo Domingo Chihuitán,16.59189,-95.16237,1618,825,793,358,985,275,8.55,637,137,834,2.96,208
Oaxaca,Santo Domingo Ingenio,Santo Domingo Ingenio,16.58849,-94.76863,7681,3916,3765,1751,4794,1136,8.02,3162,299,3163,3.07,2115
Oaxaca,Santo Domingo Ixcatlán,Santo Domingo Ixcatlán,16.91393,-97.53193,760,415,345,205,440,115,7.73,296,141,513,3.35,29
Oaxaca,Santo Domingo Nuxaá,Llano de Ayuca,17.17728,-97.09947,3335,1709,1626,1128,1810,397,7.06,881,1545,1598,3.58,350
Oaxaca,Santo Domingo Ozolotepec,Santo Domingo Ozolotepec,16.15087,-96.3104,1101,576,525,372,606,123,5.55,293,371,407,4.12,207
Oaxaca,Santo Domingo Petapa,Santo Domingo Petapa,16.82067,-95.14042,9027,4525,4502,2688,5443,896,6.86,4191,2584,3623,3.48,2448
Oaxaca,Santo Domingo Roayaga,Santo Domingo Roayaga,17.33763,-96.11457,941,491,450,290,565,86,5.75,303,847,408,3.8,392
Oaxaca,Santo Domingo Tehuantepec,Santo Domingo Tehuantepec,16.33206,-95.23205,67739,34914,32825,17244,44443,6002,9.17,33895,5428,25746,3.47,17337
Oaxaca,Santo Domingo Teojomulco,Santo Domingo Teojomulco,16.5894,-97.22619,5260,2684,2576,1752,3094,414,6.44,1307,69,1645,3.98,244
Oaxaca,Santo Domingo Tepuxtepec,Santo Domingo Tepuxtepec,16.95689,-96.05541,6029,3233,2796,1960,3511,558,5.31,1366,5415,2281,4,1407
Oaxaca,Santo Domingo Tlatayápam,Santo Domingo Tlatayápam,17.40747,-97.34702,113,61,52,21,64,28,7.4,47,0,141,2.69,50
Oaxaca,Santo Domingo Tomaltepec,Santo Domingo Tomaltepec,17.06042,-96.62436,3386,1735,1651,784,2253,349,8.31,1586,517,1193,3.7,1369
Oaxaca,Santo Domingo Tonaltepec,Vista Hermosa,17.59453,-97.36664,250,133,117,58,140,52,7.17,100,22,178,3.16,62
Oaxaca,Santo Domingo Tonalá,Santo Domingo Tonalá,17.67461,-97.96393,7393,3826,3567,1975,4448,970,6.47,3751,1663,3592,3.75,2195
Oaxaca,Santo Domingo Xagacía,Santo Domingo Xagacía,17.15554,-96.26796,1205,651,554,393,613,199,6.1,484,922,607,3.44,242
Oaxaca,Santo Domingo Yanhuitlán,Santo Domingo Yanhuitlán,17.52804,-97.34231,1633,874,759,436,919,278,8.78,653,37,859,3.05,319
Oaxaca,Santo Domingo Yodohino,Santo Domingo Yodohino,17.61689,-97.68302,327,156,171,51,228,48,6.35,111,0,221,3.85,102
Oaxaca,Santo Domingo Zanatepec,Santo Domingo Zanatepec,16.4828,-94.3539,12483,6333,6150,3192,7682,1589,7.43,5815,194,4611,3.27,2526
Oaxaca,Santo Domingo de Morelos,Santo Domingo de Morelos,15.833,-96.66808,11384,5914,5470,4254,6508,622,5.69,2522,8880,3179,4.56,1560
Oaxaca,Santo Tomás Jalieza,Santo Domingo Jalieza,16.86951,-96.62924,3923,2065,1858,1105,2493,325,7.63,1654,445,1248,4.06,874
Oaxaca,Santo Tomás Mazaltepec,Santo Tomás Mazaltepec,17.17353,-96.87153,2612,1349,1263,680,1668,264,8.42,1337,1120,971,3.85,867
Oaxaca,Santo Tomás Ocotepec,Diecinueve de Abril,17.13472,-97.78081,4066,2209,1857,1227,2276,563,6.43,677,3588,1843,3.84,1895
Oaxaca,Santo Tomás Tamazulapan,Santo Tomás Tamazulapan,16.27203,-96.58583,2726,1418,1308,772,1676,278,7.24,1133,352,1022,3.65,1007
Oaxaca,Santos Reyes Nopala,Santos Reyes Nopala,16.10676,-97.14445,16688,8791,7897,5193,10287,1204,6.73,8021,7795,5629,3.71,2650
Oaxaca,Santos Reyes Pápalo,Santos Reyes Pápalo,17.80466,-96.86088,2490,1272,1218,855,1404,231,5.79,655,1908,907,4.06,654
Oaxaca,Santos Reyes Tepejillo,Santos Reyes Tepejillo,17.43776,-97.93832,904,490,414,227,479,198,4.68,290,690,730,3.15,236
Oaxaca,Santos Reyes Yucuná,Santos Reyes Yucuná,17.77774,-98.00453,1474,743,731,549,847,78,5.65,530,1297,438,5.72,103
Oaxaca,Silacayoápam,Silacayoápam,17.50145,-98.14259,6710,3483,3227,1723,3836,1151,6.52,2600,1049,4177,3.49,1830
Oaxaca,Sitio de Xitlapehua,Sitio de Xitlapehua,16.35104,-96.5326,713,364,349,201,425,87,6.65,297,11,307,3.51,230
Oaxaca,Soledad Etla,Soledad Etla,17.17168,-96.82076,6348,3271,3077,1520,4304,524,9.68,3201,193,2101,3.8,2236
Oaxaca,Tamazulápam del Espíritu Santo,Tamazulápam del Espíritu Santo,17.05444,-96.06511,7185,3981,3204,2109,4240,836,6.21,3419,6189,3676,3.43,2698
Oaxaca,Tanetze de Zaragoza,Tanetze de Zaragoza,17.37673,-96.30224,1558,812,746,301,1008,249,7.27,728,1273,815,3.02,331
Oaxaca,Taniche,Taniche,16.56696,-96.75358,887,474,413,212,545,130,6.25,362,5,350,3.55,250
Oaxaca,Tataltepec de Valdés,Santa Cruz Tepenixtlahuaca,16.29313,-97.49247,6386,3274,3112,2016,3864,503,6.32,2372,3345,1966,3.92,1305
Oaxaca,Teococuilco de Marcos Pérez,Teococuilco de Marcos Pérez,17.35199,-96.61494,1032,533,499,265,566,201,6.83,401,690,723,3.49,214
Oaxaca,Teotitlán de Flores Magón,Teotitlán de Flores Magón,18.13233,-97.0707,10099,5313,4786,2913,6289,897,9.49,4636,1491,3540,3.72,3291
Oaxaca,Teotitlán del Valle,Teotitlán del Valle,17.02958,-96.51895,6392,3355,3037,1363,4173,856,7.53,3675,3919,2404,3.77,3075
Oaxaca,Teotongo,Teotongo,17.72632,-97.53671,1005,548,457,254,566,185,7.48,453,23,705,3.08,120
Oaxaca,Tepelmeme Villa de Morelos,Tepelmeme Villa de Morelos,17.87481,-97.3622,1960,1044,916,610,1068,282,6.92,882,35,1171,3.26,437
Oaxaca,Tlacolula de Matamoros,Tlacolula de Matamoros,16.95562,-96.47921,30254,15869,14385,8079,19868,2303,9.19,15241,5866,14770,3.52,12412
Oaxaca,Tlacotepec Plumas,Tlacotepec Plumas,17.85078,-97.43283,410,212,198,90,222,98,6.95,185,28,407,2.97,21
Oaxaca,Tlalixtac de Cabrera,Tlalixtac de Cabrera,17.07448,-96.64842,12067,6295,5772,2975,8069,987,9.69,6420,935,3863,3.87,5808
Oaxaca,Totontepec Villa de Morelos,Totontepec Villa de Morelos,17.25863,-96.02735,5904,3063,2841,1913,3329,662,5.96,2029,4531,2070,3.86,1337
Oaxaca,Trinidad Zaachila,Trinidad Zaachila,16.92123,-96.76534,3419,1812,1607,827,2207,385,7.9,1416,48,1199,3.78,1507
Oaxaca,Unión Hidalgo,Unión Hidalgo,16.47282,-94.82894,14542,7465,7077,3343,9378,1820,9.25,6587,6876,5269,3.41,5908
Oaxaca,Valerio Trujano,Valerio Trujano,17.77171,-96.98022,1376,736,640,305,878,193,7.86,551,208,657,3.18,185
Oaxaca,Villa Díaz Ordaz,San Miguel del Valle,17.01887,-96.41911,6467,3503,2964,1551,3988,901,6.24,3265,5100,2466,3.73,4652
Oaxaca,Villa Hidalgo,Villa Hidalgo,17.18589,-96.17883,1885,985,900,428,1192,265,6.19,878,1506,818,3.52,648
Oaxaca,Villa Sola de Vega,Villa Sola de Vega,16.51476,-96.97801,12350,6395,5955,3778,7318,1254,6.47,6307,609,4337,3.83,5517
Oaxaca,Villa Talea de Castro,Villa Talea de Castro,17.36,-96.24992,2011,1066,945,461,1234,316,7.29,1041,885,1242,2.84,476
Oaxaca,Villa Tejúpam de la Unión,Villa Tejúpam de la Unión,17.66709,-97.47352,2419,1259,1160,613,1499,307,7.89,1071,24,1274,3.48,555
Oaxaca,Villa de Chilapa de Díaz,Villa de Chilapa de Díaz,17.58833,-97.63191,1815,986,829,466,1063,286,6.66,546,206,1235,3.25,335
Oaxaca,Villa de Etla,Villa de Etla,17.20753,-96.80058,10361,5369,4992,2563,6934,864,10.22,5142,936,3665,3.76,3830
Oaxaca,Villa de Santiago Chazumba,Villa de Santiago Chazumba,18.18877,-97.68054,4877,2581,2296,1148,2728,1001,8.47,1928,460,3330,3.03,1674
Oaxaca,Villa de Tamazulápam del Progreso,Villa de Tamazulápam del Progreso,17.67306,-97.57285,8326,4570,3756,2200,5380,746,9.69,4081,215,3285,3.59,1940
Oaxaca,Villa de Tututepec,Río Grande o Piedra Parada,16.01372,-97.43777,50541,26008,24533,14357,31785,4390,7.17,20848,3213,18875,3.4,12010
Oaxaca,Villa de Zaachila,Villa de Zaachila,16.95072,-96.75059,46464,24301,22163,13096,30501,2865,9.15,24058,4903,17641,3.93,19259
Oaxaca,Yaxe,Yaxe,16.72513,-96.47248,2954,1524,1430,797,1912,245,7.28,1146,30,1010,3.57,906
Oaxaca,Yogana,Yogana,16.46121,-96.78855,1245,649,596,272,738,235,4.43,325,1,580,3.28,344
Oaxaca,Yutanduchi de Guerrero,Yutanduchi de Guerrero,17.03946,-97.2975,1195,618,577,332,612,251,6.29,484,930,668,3.04,130
Oaxaca,Zapotitlán Lagunas,Zapotitlán Lagunas,17.75548,-98.38957,3382,1745,1637,1062,1867,452,5.25,1030,16,1665,3.88,596
Oaxaca,Zapotitlán Palmas,Zapotitlán Palmas,17.88986,-97.81815,1695,930,765,478,969,248,6.31,650,210,854,3.47,440
Oaxaca,Zimatlán de Álvarez,Zimatlán de Álvarez,16.86669,-96.78563,22093,11663,10430,5801,14056,2219,8.65,11423,851,8352,3.76,11933
Oaxaca,Ánimas Trujano,Ánimas Trujano,16.98888,-96.7132,4564,2394,2170,1068,3119,374,10.72,2168,209,1503,3.73,1732
Puebla,Acajete,Acajete,19.10494,-97.95271,72894,37755,35139,24084,44635,4128,7.54,31752,3934,18617,4.79,19320
Puebla,Acateno,San José Acateno,20.12991,-97.2104,9170,4584,4586,2366,5762,1042,7.18,4217,196,3161,3.51,2279
Puebla,Acatlán,Acatlán de Osorio,18.2023,-98.04861,37955,20119,17836,10619,22977,4359,8.72,17806,411,15496,3.72,9351
Puebla,Acatzingo,Acatzingo de Hidalgo,18.97945,-97.78546,63743,32820,30923,20903,39687,3119,7.72,29520,163,15749,4.72,27026
Puebla,Acteopan,Acteopan,18.76502,-98.71529,3070,1624,1446,683,2049,338,6.33,1692,747,1147,3.61,242
Puebla,Ahuacatlán,Tlacotepec (San Mateo),20.06178,-97.84949,14542,7690,6852,4427,8737,1378,6.06,6757,11271,4588,3.99,842
Puebla,Ahuatlán,Ahuatlán,18.57301,-98.25523,3162,1605,1557,973,1732,457,6.13,864,56,1180,4.01,232
Puebla,Ahuazotepec,Ahuazotepec,20.04605,-98.16235,11439,5890,5549,3393,7153,893,8.44,4666,78,3771,3.91,3953
Puebla,Ahuehuetitla,Ahuehuetitla,18.21077,-98.22136,2207,1154,1053,624,1200,383,7.24,692,10,1256,3.58,401
Puebla,Ajalpan,Ciudad de Ajalpan,18.37754,-97.2583,74768,38577,36191,24632,46357,3774,6.63,40559,33580,18136,4.79,19161
Puebla,Albino Zertuche,Acaxtlahuacán de Albino Zertuche,18.01728,-98.54016,1885,999,886,566,1081,238,6.52,410,22,858,3.69,444
Puebla,Aljojuca,Aljojuca,19.10041,-97.53134,6591,3491,3100,1698,4153,740,7.57,2662,11,2333,3.86,1381
Puebla,Altepexi,Altepexi,18.36677,-97.29918,22629,11740,10889,6557,14756,1316,6.92,12208,9804,5429,4.8,8646
Puebla,Amixtlán,Amixtlán,20.04944,-97.79892,4812,2542,2270,1296,2929,587,6.18,1569,2966,1790,3.56,533
Puebla,Amozoc,Amozoc de Mota,19.04461,-98.04492,125876,64397,61479,35307,84162,5873,9.27,60200,2566,39212,3.98,44037
Puebla,Aquixtla,El Terrero,19.78684,-97.95361,9021,4513,4508,2638,5535,848,7.21,4157,356,3455,3.62,1917
Puebla,Atempan,Atempan,19.8399,-97.45928,29742,15463,14279,9732,18449,1561,7.7,14335,8138,8512,4.3,8441
Puebla,Atexcal,San Martín Atexcal,18.39835,-97.73682,3859,2018,1841,1152,2211,480,7.2,1230,34,1763,3.48,920
Puebla,Atlequizayan,Atlequizayan,20.01401,-97.62409,2633,1405,1228,694,1531,408,6.05,849,2371,962,3.87,512
Puebla,Atlixco,Atlixco,18.90885,-98.43417,141793,74931,66862,37069,91686,13030,9.39,74319,3583,49457,3.77,48274
Puebla,Atoyatempan,Atoyatempan,18.82257,-97.91375,7704,3944,3760,2388,4809,507,7.86,3606,550,2260,4.21,1833
Puebla,Atzala,Atzala,18.54482,-98.55428,1512,783,729,425,963,124,8.17,596,3,567,3.76,239
Puebla,Atzitzihuacán,San Juan Amecac,18.83432,-98.65829,12857,6832,6025,3735,7753,1369,6.75,5807,63,4504,3.97,3569
Puebla,Atzitzintla,Atzitzintla,18.89738,-97.32739,9051,4630,4421,3032,5353,666,6.5,3737,4,2618,4.35,1243
Puebla,Axutla,Axutla,18.18855,-98.3894,976,510,466,210,543,223,6.15,376,6,665,3.25,298
Puebla,Ayotoxco de Guerrero,Ayotoxco de Guerrero,20.09716,-97.41052,8208,4240,3968,2337,5162,709,7.79,3916,1767,2990,3.54,1509
Puebla,Calpan,San Andrés Calpan,19.10794,-98.45924,15271,7934,7337,4085,9580,1606,7.48,7530,1951,4862,4.24,5247
Puebla,Caltepec,San Luis Atolotitlán (Atolotitlán),18.18811,-97.42377,4128,2205,1923,1053,2340,735,6.65,1784,118,2339,3.32,1089
Puebla,Camocuautla,Camocuautla,20.03849,-97.75773,2758,1391,1367,827,1721,210,6.07,946,2526,881,3.8,99
Puebla,Caxhuacan,Caxhuacan,20.06396,-97.60662,3811,1995,1816,1008,2310,493,7.71,1422,2866,1230,4,939
Puebla,Cañada Morelos,San José Ixtapa,18.71516,-97.45743,20659,10748,9911,6469,12585,1605,6.73,9413,66,6634,3.9,4641
Puebla,Chalchicomula de Sesma,Ciudad Serdán,18.98826,-97.4485,47410,24622,22788,13221,30186,4001,8.36,21631,120,15135,4.02,13883
Puebla,Chapulco,Chapulco,18.62049,-97.41117,8193,4256,3937,2661,5068,464,7.55,3700,123,2429,4.28,2437
Puebla,Chiautla,Ciudad de Chiautla de Tapia,18.29965,-98.60278,21699,11027,10672,5961,13267,2471,8.24,9254,53,8310,3.71,5172
Puebla,Chiautzingo,San Lorenzo Chiautzingo,19.20291,-98.46826,22039,11543,10496,6133,14156,1749,8.53,11328,236,6086,4.4,8644
Puebla,Chichiquila,Chichiquila,19.20026,-97.06771,26928,13625,13303,9267,16110,1551,5.78,12417,5247,6448,5.07,5174
Puebla,Chiconcuautla,Chiconcuautla,20.09477,-97.93963,17382,8918,8464,6050,10264,1065,5.59,9359,10306,5198,4.25,2131
Puebla,Chietla,Atencingo,18.51189,-98.60733,37030,19041,17989,10032,22955,4040,7.86,15833,80,13960,3.61,6028
Puebla,Chigmecatitlán,Chigmecatitlán,18.64557,-98.07562,1215,679,536,237,765,213,6.35,529,772,728,3.16,245
Puebla,Chignahuapan,Ciudad de Chignahuapan,19.83822,-98.03098,66464,34302,32162,19689,41896,4858,8.02,32426,369,22371,3.87,24779
Puebla,Chignautla,Chignautla,19.81391,-97.38959,35223,18291,16932,11389,22134,1696,7.4,17400,3438,9075,4.49,12805
Puebla,Chila,Chila,17.97002,-97.86166,5082,2664,2418,1418,2962,702,7.31,1499,25,2421,3.56,894
Puebla,Chila de la Sal,Chila de la Sal,18.1091,-98.48432,1317,682,635,321,724,272,6.1,441,5,856,3.09,219
Puebla,Chilchotla,Rafael J. García,19.2552,-97.18389,21002,10595,10407,7539,12012,1418,5.67,7899,1465,6217,4.84,2779
Puebla,Chinantla,Chinantla,18.2005,-98.26316,2846,1464,1382,808,1577,461,7.4,1042,23,1652,3.55,583
Puebla,Coatepec,Coatepec,20.06215,-97.73227,772,400,372,206,437,129,6.63,269,578,277,3.45,83
Puebla,Coatzingo,Coatzingo,18.61514,-98.17422,2820,1457,1363,821,1626,373,5.81,895,2,1485,3.58,219
Puebla,Cohetzala,Santa Mónica,18.20918,-98.80349,1382,663,719,362,771,249,6.57,396,69,867,3.31,71
Puebla,Cohuecan,Cohuecan,18.7832,-98.72049,5403,2854,2549,1560,3338,505,7.85,2086,323,1733,4.01,927
Puebla,Coronango,Santa María Coronango,19.1311,-98.30807,46836,23852,22984,12833,31265,2610,9.8,22820,435,14489,4.17,18839
Puebla,Coxcatlán,Coxcatlán,18.26653,-97.14711,20653,10878,9775,5644,13095,1914,8.35,9316,6780,6519,4.03,3175
Puebla,Coyomeapan,Tlixco (Sección Tercera),18.27414,-96.99855,14806,7863,6943,5374,8208,1224,5.38,4051,13000,4870,4.22,2136
Puebla,Coyotepec,San Vicente Coyotepec,18.40442,-97.83078,2334,1235,1099,525,1288,521,7.63,849,88,1635,3.04,459
Puebla,Cuapiaxtla de Madero,Cuapiaxtla de Madero,18.91687,-97.8253,10542,5346,5196,3496,6551,495,7.72,4757,39,2802,4.46,4823
Puebla,Cuautempan,San Esteban Cuautempan,19.91264,-97.79624,9837,5178,4659,2956,5969,911,7.13,4813,6050,4160,3.44,978
Puebla,Cuautinchán,San Jerónimo Almoloya,18.94061,-98.01163,12340,6236,6104,3899,7750,680,7.63,5902,221,3800,4.23,5818
Puebla,Cuautlancingo,San Juan Cuautlancingo,19.08935,-98.27331,137435,70485,66950,33722,96981,6396,11.32,71338,1849,53831,3.33,34031
Puebla,Cuayuca de Andrade,San Pedro Cuayuca,18.48666,-98.18386,3315,1686,1629,913,1857,545,6.62,692,7,1546,3.49,427
Puebla,Cuetzalan del Progreso,Ciudad de Cuetzalan,20.01852,-97.52077,49864,25715,24149,14831,30525,4507,7.47,27007,32729,16348,3.94,10309
Puebla,Cuyoaco,San Andrés Payuca,19.52526,-97.61763,17139,8913,8226,5218,10526,1395,7.93,7242,281,5434,4.17,3456
Puebla,Domingo Arenas,Domingo Arenas,19.14203,-98.45751,7982,4150,3832,2477,4999,506,7.44,3727,188,2626,4.3,3746
Puebla,Eloxochitlán,Eloxochitlán,18.49895,-96.95484,14461,7391,7070,4923,8604,934,5.57,4801,11900,3878,4.29,2350
Puebla,Epatlán,San Juan Epatlán,18.64179,-98.37079,4943,2522,2421,1428,2964,551,7.54,1919,69,1885,3.67,944
Puebla,Esperanza,Esperanza,18.85836,-97.37513,14766,7675,7091,4423,9142,1201,7.91,6433,17,5021,3.99,3191
Puebla,Francisco Z. Mena,Metlaltoyuca,20.73369,-97.85214,17824,8957,8867,4674,11048,2102,7.42,8916,1269,6234,3.49,3716
Puebla,General Felipe Ángeles,Santa Úrsula Chiconquiac,19.01326,-97.67592,22694,11712,10982,7210,14077,1407,6.81,10955,52,6668,4.28,7478
Puebla,Guadalupe,Guadalupe,18.09147,-98.12042,6451,3438,3013,1731,3675,1045,6.42,2176,19,3958,3.47,1047
Puebla,Guadalupe Victoria,Guadalupe Victoria,19.28979,-97.3427,18784,9575,9209,5659,11716,1409,7.45,8773,182,6071,4.01,3987
Puebla,Hermenegildo Galeana,Bienvenido,20.12173,-97.74462,7011,3633,3378,2138,4067,806,5.58,2995,4516,2450,3.51,758
Puebla,Honey,Chila de Juárez,20.27869,-98.21299,6687,3482,3205,2157,3918,612,6.64,2693,451,2390,3.97,2041
Puebla,Huaquechula,Cacaloxúchitl,18.7868,-98.48635,29233,15433,13800,8774,17561,2898,6.99,14146,127,9781,3.99,7660
Puebla,Huatlatlauca,Tepetzitzintla,18.68638,-98.07573,6111,3327,2784,1564,3631,916,5.91,2742,3576,3786,3.45,1651
Puebla,Huauchinango,Huauchinango,20.1747,-98.05134,103946,55128,48818,30000,66123,7802,9.1,50492,19851,34773,3.76,30875
Puebla,Huehuetla,Cinco de Mayo,20.13157,-97.63107,17082,8709,8373,5021,9933,2127,5.89,6083,13706,4939,4.35,1464
Puebla,Huehuetlán el Chico,Huehuetlán el Chico,18.37317,-98.68795,9760,4968,4792,2821,5878,1061,7.39,3489,20,3534,3.81,1565
Puebla,Huehuetlán el Grande,Santo Domingo Huehuetlán,18.73831,-98.16791,6105,3159,2946,1800,3485,820,6.43,2222,198,2732,3.57,1277
Puebla,Huejotzingo,Huejotzingo,19.15899,-98.40813,90794,46719,44075,25473,60288,4987,9.78,47298,1368,36822,4.01,36231
Puebla,Hueyapan,Hueyapan,19.88256,-97.44586,13080,6821,6259,4249,8034,797,7.95,6508,10126,4159,3.97,3444
Puebla,Hueytamalco,Hueytamalco,19.93948,-97.28904,27600,14003,13597,7595,17514,2491,7.17,13869,1600,9626,3.64,7187
Puebla,Hueytlalpan,Hueytlalpan,20.02573,-97.69868,5951,3027,2924,1685,3697,569,5.74,2055,4685,1745,4.11,668
Puebla,Huitzilan de Serdán,Huitzilan,19.96621,-97.69366,15928,7836,8092,5319,9601,1005,5.69,6704,11214,4933,4.04,1555
Puebla,Huitziltepec,Santa Clara Huitziltepec,18.76942,-97.88083,5782,2985,2797,1671,3651,460,8.4,2555,47,2081,3.67,2184
Puebla,Ixcamilpa de Guerrero,Ixcamilpa,18.02704,-98.69657,4065,2117,1948,1186,2310,569,6.25,927,75,1669,3.69,574
Puebla,Ixcaquixtla,San Juan Ixcaquixtla,18.4601,-97.83235,8804,4611,4193,2490,5433,881,9.15,4239,90,3245,3.63,2375
Puebla,Ixtacamaxtitlán,La Unión Ejido Mexcaltepec,19.60835,-97.71129,25319,12831,12488,7564,14840,2909,7.03,12492,2457,9508,3.94,3980
Puebla,Ixtepec,Ixtepec,20.02494,-97.64678,6950,3580,3370,2058,4184,707,5.8,2729,5979,2195,4.01,1128
Puebla,Izúcar de Matamoros,Izúcar de Matamoros,18.60223,-98.46541,82809,43258,39551,23146,51978,7669,8.89,39145,546,28848,3.82,21474
Puebla,Jalpan,Apapantilla,20.40496,-97.84501,12050,6333,5717,3591,7261,1198,7.06,5057,1089,4203,3.63,2262
Puebla,Jolalpan,Jolalpan,18.32052,-98.8443,13308,6890,6418,3933,8002,1373,6.16,4848,550,4816,3.92,1734
Puebla,Jonotla,Jonotla,20.03038,-97.5749,4457,2285,2172,1227,2653,577,7.19,1670,2396,1707,3.45,929
Puebla,Jopala,Chicontla,20.24457,-97.83076,12131,6314,5817,3690,7131,1310,6.18,4812,5407,3950,3.81,2123
Puebla,Juan C. Bonilla,Santa María Zacatepec,19.12244,-98.36591,23783,12308,11475,6755,15474,1465,9.5,11615,247,7439,4.06,7974
Puebla,Juan Galindo,Nuevo Necaxa,20.21208,-98.00214,9828,5269,4559,2559,6304,965,9.6,4399,1116,3604,3.49,2437
Puebla,Juan N. Méndez,Atenayuca,18.54,-97.77229,5293,2738,2555,1616,3060,617,6.38,1939,59,2417,3.58,914
Puebla,La Magdalena Tlatlauquitepec,La Magdalena Tlatlauquitepec,18.75852,-98.1007,650,326,324,186,411,53,8.89,222,8,291,3.85,156
Puebla,Lafragua,González Ortega,19.34154,-97.26911,7650,3941,3709,2277,4494,879,6.39,2808,85,3024,3.93,1632
Puebla,Libres,Ciudad de Libres,19.46473,-97.68773,37257,19160,18097,11550,23082,2617,8.65,17508,564,11879,4.14,10462
Puebla,Los Reyes de Juárez,Los Reyes de Juárez,18.94679,-97.8131,30021,15415,14606,9995,18342,1681,7.34,14305,50,7882,4.61,14249
Puebla,Mazapiltepec de Juárez,Mazapiltepec de Juárez,19.11926,-97.7035,3176,1619,1557,927,2001,248,8,1235,8,1021,4.12,431
Puebla,Mixtla,San Francisco Mixtla,18.90308,-97.89549,2668,1398,1270,760,1674,234,9.42,1008,87,763,4.3,695
Puebla,Molcaxac,Molcaxac,18.7379,-97.91186,6668,3495,3173,1897,4018,753,7.71,2664,358,2662,3.64,1886
Puebla,Naupan,Naupan,20.22847,-98.10973,9310,4990,4320,2924,5433,953,6.27,5136,7224,3333,3.94,991
Puebla,Nauzontla,Nauzontla,19.95904,-97.60312,3317,1774,1543,856,2012,449,7.09,1155,565,1390,3.36,500
Puebla,Nealtican,San Buenaventura Nealtican,19.05095,-98.42773,14075,7260,6815,4382,8844,849,7.75,6844,868,3789,4.48,5240
Puebla,Nicolás Bravo,Azumbilla,18.64216,-97.398,6644,3414,3230,2030,4159,455,7.18,2830,78,2259,4.21,1978
Puebla,Nopalucan,Santa María Ixtiyucan,19.18916,-97.80954,32772,16881,15891,10598,20469,1703,7.72,14119,70,8776,4.53,6112
Puebla,Ocotepec,Guadalupe Victoria,19.55969,-97.65881,5077,2644,2433,1466,2968,643,7.54,1839,197,2035,3.75,851
Puebla,Ocoyucan,Lomas de Angelópolis,18.96475,-98.29087,42669,22249,20420,12500,27738,2357,9.48,19781,1001,14069,3.97,17166
Puebla,Olintla,Olintla,20.10178,-97.68474,11993,6158,5835,3862,6685,1446,5.21,3554,10343,3689,4.3,1143
Puebla,Oriental,Oriental,19.3758,-97.61935,19903,10225,9678,6119,12538,1246,8.26,8895,96,5804,4.22,4435
Puebla,Pahuatlán,Ciudad de Pahuatlán de Valle,20.27573,-98.14991,20274,10600,9674,6463,11785,2026,6.85,10314,9474,6919,3.79,3651
Puebla,Palmar de Bravo,San Miguel Xaltepec,18.87369,-97.61547,50226,25631,24595,16424,30863,2938,6.84,24847,83,14554,4.16,11607
Puebla,Pantepec,Mecapalapa,20.52725,-97.85728,18528,9624,8904,4981,11050,2477,6.78,8531,5897,6419,3.53,3851
Puebla,Petlalcingo,Petlalcingo,18.0822,-97.91785,9350,4861,4489,2576,5424,1350,6.72,3822,386,4065,3.6,1613
Puebla,Piaxtla,Piaxtla,18.19876,-98.26014,4627,2365,2262,1167,2594,866,6.63,1660,49,2865,3.27,1081
Puebla,Puebla,Heroica Puebla de Zaragoza,19.04399,-98.19749,1692181,882696,809485,372742,1173783,144652,11.16,869431,49806,570222,3.53,490520
Puebla,Quecholac,Palmarito Tochapan,18.90272,-97.63485,57992,29625,28367,19273,35537,3148,6.57,28890,82,15842,4.29,18077
Puebla,Quimixtlán,Quimixtlán,19.25326,-97.13568,22855,11753,11102,8102,13164,1589,5.87,10379,628,6091,4.77,3296
Puebla,Rafael Lara Grajales,Ciudad de Rafael Lara Grajales,19.22538,-97.80455,15952,8327,7625,4673,10278,1001,8.65,6532,28,4284,4.3,3742
Puebla,San Andrés Cholula,San Bernardino Tlaxcalancingo,19.02946,-98.27571,154448,80176,74272,31555,110896,9906,12.07,79467,3670,54085,3.44,48889
Puebla,San Antonio Cañada,San Antonio Cañada,18.49734,-97.29,5938,3147,2791,1874,3680,384,6.2,2199,1549,1667,4.3,1536
Puebla,San Diego la Mesa Tochimiltzingo,Tochimiltzingo,18.80959,-98.3314,1270,644,626,350,766,154,6.03,433,9,583,3.49,126
Puebla,San Felipe Teotlalcingo,San Felipe Teotlalcingo,19.23572,-98.49545,11063,5714,5349,3124,7030,908,8.49,4664,95,3305,4.2,3645
Puebla,San Felipe Tepatlán,Jojupango (San Miguel Jojupango),20.09598,-97.77176,3793,1964,1829,1140,2202,451,5.42,1263,2258,1317,3.53,573
Puebla,San Gabriel Chilac,San Gabriel Chilac,18.32627,-97.34798,15954,8385,7569,4376,10302,1275,7.38,7647,6438,4904,4.09,5521
Puebla,San Gregorio Atzompa,San Gregorio Atzompa,19.02669,-98.34577,9671,4989,4682,2432,6342,832,9.69,4874,46,2811,3.88,2470
Puebla,San Jerónimo Tecuanipan,San Jerónimo Tecuanipan,19.01441,-98.40096,6597,3479,3118,2048,4076,473,7.86,3148,67,1837,4.52,1677
Puebla,San Jerónimo Xayacatlán,San Jerónimo Xayacatlán,18.22127,-97.91434,3606,1872,1734,836,2085,685,7.21,1377,1504,2397,3.09,724
Puebla,San José Chiapa,San José Chiapa,19.24207,-97.76883,10443,5336,5107,3314,6438,691,7.68,4379,23,3749,4.17,2403
Puebla,San José Miahuatlán,San José Miahuatlán,18.29024,-97.28766,14018,7298,6720,3821,8971,1213,6.7,6268,10561,4783,3.97,4319
Puebla,San Juan Atenco,San Juan Atenco,19.08998,-97.54084,3604,1944,1660,939,2158,507,7.47,1371,7,1417,3.74,760
Puebla,San Juan Atzompa,San Juan Atzompa,18.74609,-98.02432,975,467,508,272,618,85,8.22,348,6,492,3.57,315
Puebla,San Martín Texmelucan,San Martín Texmelucan de Labastida,19.28291,-98.43552,155738,80816,74922,41012,103330,11333,9.73,77968,708,47306,4.06,63452
Puebla,San Martín Totoltepec,San Martín Totoltepec,18.6492,-98.3464,692,334,358,174,435,83,7.7,254,30,298,3.57,81
Puebla,San Matías Tlalancaleca,San Matías Tlalancaleca,19.32443,-98.49816,20974,10756,10218,5702,13561,1711,8.35,10001,40,6374,4.07,8933
Puebla,San Miguel Ixitlán,San Miguel Ixitlán,17.99952,-97.77342,526,272,254,109,276,141,6.59,220,5,428,2.92,32
Puebla,San Miguel Xoxtla,San Miguel Xoxtla,19.1683,-98.3097,12461,6372,6089,3328,8300,833,10,5402,67,3246,4.38,2718
Puebla,San Nicolás Buenos Aires,Emilio Portes Gil,19.30675,-97.51129,10464,5344,5120,3300,6515,647,6.62,4244,26,3253,4.25,1954
Puebla,San Nicolás de los Ranchos,San Nicolás de los Ranchos,19.07259,-98.4857,11780,6043,5737,3547,7030,1203,7.66,5844,87,3811,4.47,3540
Puebla,San Pablo Anicano,San Pablo Anicano,18.12445,-98.08403,3759,1968,1791,1036,2219,504,7.62,1353,22,1660,3.67,541
Puebla,San Pedro Cholula,Cholula de Rivadavia,19.06248,-98.30751,138433,71979,66454,32592,94657,10802,10.94,71569,1678,43528,3.77,45893
Puebla,San Pedro Yeloixtlahuaca,San Pedro Yeloixtlahuaca,18.11711,-98.0781,3488,1803,1685,946,2002,540,7.62,1362,16,1882,3.34,780
Puebla,San Salvador Huixcolotla,San Salvador Huixcolotla,18.92061,-97.77179,16790,8614,8176,5243,10641,904,7.5,8824,87,4369,4.66,11163
Puebla,San Salvador el Seco,San Salvador el Seco,19.13475,-97.64275,30639,15649,14990,8741,19675,2223,7.45,14443,59,9378,4.12,13298
Puebla,San Salvador el Verde,San Lucas el Grande,19.30515,-98.47933,34880,17925,16955,9779,22920,2159,9.04,15703,118,10397,4.13,12498
Puebla,San Sebastián Tlacotepec,Tlacotepec de Porfirio Díaz,18.40465,-96.85061,13189,6703,6486,4379,7594,1214,5.91,4533,10759,3954,4.01,1487
Puebla,Santa Catarina Tlaltempan,Santa Catarina Tlaltempan,18.61426,-98.0799,749,377,372,162,434,153,5.66,289,419,590,2.93,176
Puebla,Santa Inés Ahuatempan,Santa Inés Ahuatempan,18.41272,-98.0177,6341,3303,3038,1796,3627,918,7.12,2506,413,2890,3.48,1419
Puebla,Santa Isabel Cholula,San Pablo Ahuatempa,18.98179,-98.35752,11498,5885,5613,3686,7091,721,7.4,5124,133,3207,4.42,2943
Puebla,Santiago Miahuatlán,Santiago Miahuatlán,18.55316,-97.44185,30309,15636,14673,8960,19835,1511,7.59,15202,2377,9078,4.09,8778
Puebla,Santo Tomás Hueyotlipan,Santo Tomás Hueyotlipan,18.89109,-97.86723,9315,4791,4524,2667,5949,699,8.87,3999,53,2771,4.13,4833
Puebla,Soltepec,Soltepec,19.11923,-97.70844,12631,6528,6103,3594,7776,1260,7.4,5415,25,3894,4.28,3180
Puebla,Tecali de Herrera,Tecali de Herrera,18.90103,-97.96914,23625,12131,11494,6983,14966,1676,8.77,10829,119,7510,3.93,9405
Puebla,Tecamachalco,Tecamachalco,18.88469,-97.72842,80771,41990,38781,24219,52080,4431,8.74,38848,255,25031,4.03,31844
Puebla,Tecomatlán,Tecomatlán,18.11096,-98.31437,6830,3414,3416,1733,4325,772,8.54,2619,759,3280,3.28,1883
Puebla,Tehuacán,Tehuacán,18.46218,-97.392,327312,172905,154407,86785,219892,20582,9.47,174568,26951,104168,3.82,115202
Puebla,Tehuitzingo,Tehuitzingo,18.33171,-98.27613,12672,6579,6093,3587,7307,1778,7.11,4777,79,5541,3.72,3277
Puebla,Tenampulco,El Chacal,20.22061,-97.46028,6743,3439,3304,1577,4207,959,7.59,3156,1088,2782,3.25,1604
Puebla,Teopantlán,Teopantlán,18.71326,-98.26237,3836,2124,1712,800,2211,825,4.79,1230,2476,1882,3.3,926
Puebla,Teotlalco,Teotlalco,18.46962,-98.77827,3689,1849,1840,1041,2203,419,7.48,1181,9,1447,3.58,492
Puebla,Tepanco de López,San Bartolo Teontepec,18.48919,-97.52451,22218,11817,10401,6505,14348,1363,8.08,10631,2076,6991,3.98,6953
Puebla,Tepango de Rodríguez,Tepango de Rodríguez,20.00281,-97.79627,4155,2236,1919,1221,2465,469,5.92,1417,3142,1353,3.97,1236
Puebla,Tepatlaxco de Hidalgo,Tepatlaxco de Hidalgo,19.0773,-97.96662,18854,9734,9120,5786,11966,1102,7.59,8070,1678,5007,4.6,6061
Puebla,Tepeaca,Tepeaca,18.96613,-97.90543,84270,43761,40509,26106,53183,4973,8.64,40937,242,22184,4.53,36258
Puebla,Tepemaxalco,San Felipe Tepemaxalco,18.7356,-98.62905,1216,602,614,416,669,131,6,310,23,361,4.61,240
Puebla,Tepeojuma,Tepeojuma,18.72245,-98.45029,8918,4779,4139,2497,5490,931,7.17,4162,766,3293,3.95,1851
Puebla,Tepetzintla,Tlamanca de Hernández,19.95341,-97.81226,10373,5458,4915,3428,6004,941,5.62,3280,8766,3444,4.03,700
Puebla,Tepexco,Calmeca (San Juan Calmeca),18.63601,-98.63456,7523,3819,3704,2324,4553,646,6.73,2663,18,2504,4.21,735
Puebla,Tepexi de Rodríguez,Tepexi de Rodríguez,18.58102,-97.92619,22331,11137,11194,6210,13904,2217,7.94,11004,1162,8473,3.55,6660
Puebla,Tepeyahualco,San José Alchichica,19.43439,-97.38846,19200,9834,9366,5902,11731,1540,7.3,8185,41,5955,4.07,4458
Puebla,Tepeyahualco de Cuauhtémoc,Tepeyahualco de Cuauhtémoc,18.81315,-97.87803,3851,2035,1816,1078,2476,297,8.59,1701,20,1249,3.77,1341
Puebla,Tetela de Ocampo,Ciudad de Tetela de Ocampo,19.81676,-97.80597,27216,14116,13100,7707,16869,2640,7.56,13767,4864,11553,3.52,5580
Puebla,Teteles de Avila Castillo,Teteles de Ávila Castillo,19.85829,-97.45715,6653,3766,2887,1690,4472,491,10.66,2976,951,2329,3.56,1512
Puebla,Teziutlán,Teziutlán,19.81799,-97.36088,103583,54934,48649,26541,69337,7689,9.58,53927,6471,34363,3.65,35257
Puebla,Tianguismanalco,Tianguismanalco,18.97776,-98.44822,14432,7442,6990,4159,9155,1118,7.78,7859,527,6248,4,6114
Puebla,Tilapa,Tilapa,18.59158,-98.55641,9664,5029,4635,2717,6008,920,7.97,4363,39,3527,3.71,1554
Puebla,Tlachichuca,Tlachichuca,19.11563,-97.41911,31639,16141,15498,9478,19744,2397,7.52,14244,55,9245,4.37,5550
Puebla,Tlacotepec de Benito Juárez,San Marcos Tlacoyalco,18.67156,-97.60499,54757,29003,25754,19261,32222,3274,6.89,26789,11528,17278,4.17,19834
Puebla,Tlacuilotepec,Tlacuilotepec,20.32627,-98.06891,15977,8101,7876,4843,9184,1950,6.42,7614,2946,5785,3.58,3235
Puebla,Tlahuapan,Santa Rita Tlahuapan,19.3305,-98.5824,41547,21086,20461,12283,26195,3025,8.1,18521,107,12553,4.18,14440
Puebla,Tlaltenango,Tlaltenango,19.17002,-98.34432,7425,3791,3634,2281,4640,504,8.64,2838,37,2056,4.26,2061
Puebla,Tlanepantla,Tlanepantla,18.86536,-97.8874,5390,2808,2582,1699,3393,298,8.24,2066,70,1349,4.8,1538
Puebla,Tlaola,Xaltepuxtla,20.17499,-97.97141,20433,10583,9850,6807,12194,1432,5.97,10264,9924,6139,4.07,3033
Puebla,Tlapacoya,Tlamaya Grande,20.14693,-97.8035,6422,3347,3075,2060,3775,587,6.11,2831,2081,1972,3.77,568
Puebla,Tlapanalá,Tlapanalá,18.69614,-98.53779,10344,5294,5050,3202,6236,906,6.71,4516,37,3285,4.06,2790
Puebla,Tlatlauquitepec,Ciudad de Tlatlauquitepec,19.85133,-97.49667,55576,28959,26617,16030,34898,4648,8.57,28028,9199,19115,3.86,13134
Puebla,Tlaxco,Tlaxco,20.42382,-98.02864,4934,2506,2428,1389,2907,638,6.54,2441,205,1846,3.45,778
Puebla,Tochimilco,Tochimilco,18.89292,-98.57217,19315,10119,9196,5926,11619,1753,6.9,9660,1766,6396,4.05,6050
Puebla,Tochtepec,Tochtepec,18.84011,-97.82575,22454,11626,10828,6763,14099,1520,8.3,10381,90,6362,4.23,7609
Puebla,Totoltepec de Guerrero,Totoltepec de Guerrero,18.22254,-97.85513,1187,634,553,278,651,258,8.08,401,18,914,2.81,247
Puebla,Tulcingo,Tulcingo de Valle,18.04514,-98.44131,9871,5230,4641,2794,5822,1255,6.49,4539,156,5010,3.54,1973
Puebla,Tuzamapan de Galeana,Tetelilla de Miguel Islas,20.07794,-97.54908,5924,3015,2909,1439,3723,762,7.64,2800,2550,2151,3.59,590
Puebla,Tzicatlacoyan,San Antonio Juárez,18.79986,-97.98694,6476,3286,3190,1867,3918,691,7.13,2617,12,2406,3.7,1257
Puebla,Venustiano Carranza,Ciudad de Lázaro Cárdenas,20.46312,-97.70282,28395,14982,13413,8280,17357,2758,8.17,13605,1010,9815,3.61,8722
Puebla,Vicente Guerrero,Santa María del Monte,18.53787,-97.20246,26559,14125,12434,9245,15368,1945,5.42,8246,7850,8013,4.44,2867
Puebla,Xayacatlán de Bravo,Xayacatlán de Bravo,18.23558,-97.97554,1570,844,726,397,884,289,7.81,504,604,998,3.22,236
Puebla,Xicotepec,Xicotepec de Juárez,20.27606,-97.95814,80591,42143,38448,23516,50560,6512,8.6,38919,3082,25690,3.78,23867
Puebla,Xicotlán,Xicotlán,18.05874,-98.52495,1312,684,628,364,789,155,6.54,317,4,554,3.77,87
Puebla,Xiutetelco,San Juan Xiutetelco,19.79606,-97.32652,42943,22264,20679,13906,26689,2348,6.79,20513,423,11906,4.34,13558
Puebla,Xochiapulco,Cinco de Mayo,19.82122,-97.6587,3443,1818,1625,922,2032,489,7.23,1230,1100,1757,3.34,495
Puebla,Xochiltepec,Ayotla,18.67051,-98.37227,3375,1807,1568,1007,2019,349,6.52,1063,106,1282,3.87,592
Puebla,Xochitlán Todos Santos,Xochitlán,18.70549,-97.77508,7178,3771,3407,2225,4376,577,7,2717,21,2605,3.82,1352
Puebla,Xochitlán de Vicente Suárez,Zoatecpan,19.93357,-97.62047,13025,6763,6262,3984,7895,1146,6.41,6382,9237,4640,3.83,1667
Puebla,Yaonáhuac,Yaonáhuac,19.8709,-97.46645,7926,4243,3683,2208,5073,645,9.3,3748,3566,2504,3.97,2026
Puebla,Yehualtepec,Yehualtepec,18.79329,-97.66287,26392,13683,12709,8601,16289,1414,7.39,11907,126,7936,4.04,6439
Puebla,Zacapala,Zacapala,18.59062,-98.06533,4647,2442,2205,1425,2613,566,6.4,1532,121,1925,3.51,918
Puebla,Zacapoaxtla,Zacapoaxtla,19.87304,-97.58955,57887,30736,27151,17103,36387,4397,8.29,28785,18139,19580,3.91,14003
Puebla,Zacatlán,Zacatlán,19.93237,-97.96024,87361,45856,41505,25679,54891,6775,9.01,44607,8354,29872,3.81,26244
Puebla,Zapotitlán,Zapotitlán Salinas,18.32971,-97.47542,8595,4610,3985,2275,5398,922,7.91,4363,810,3583,3.73,2896
Puebla,Zapotitlán de Méndez,Tuxtla,20.00076,-97.65534,5675,2882,2793,1525,3512,638,7.48,2382,3845,1897,3.9,593
Puebla,Zaragoza,Zaragoza,19.77144,-97.55565,16752,8998,7754,4609,10844,1299,9.85,7699,755,5760,3.79,4943
Puebla,Zautla,San Miguel Tenextatiloyan,19.71018,-97.59505,20717,10889,9828,6465,12561,1691,6.99,9943,7876,7432,4.02,4533
Puebla,Zihuateutla,La Unión,20.26529,-97.88045,11967,6193,5774,3668,7168,1131,6.57,5491,3206,4070,3.76,1897
Puebla,Zinacatepec,San Sebastián Zinacatepec,18.33327,-97.24541,18359,9578,8781,4892,12138,1323,7.24,9667,7412,5215,4.16,6088
Puebla,Zongozotla,Zongozotla,19.97864,-97.72674,4539,2322,2217,1022,2987,530,6.74,1769,3643,1394,3.91,328
Puebla,Zoquiapan,Zoquiapan,20.00984,-97.59564,2452,1314,1138,657,1444,351,6.5,1004,1669,1091,3.28,390
Puebla,Zoquitlán,Zoquitlán,18.33573,-97.01726,20335,10630,9705,7078,11356,1901,5.03,6502,17848,6682,4.29,2287
Querétaro,Amealco de Bonfil,Amealco de Bonfil,20.18644,-100.1442,66841,34606,32235,21061,40861,4902,7.24,33329,11712,24475,3.9,15269
Querétaro,Arroyo Seco,Purísima de Arista,21.31222,-99.51157,13142,6872,6270,3689,7721,1732,7.59,5081,66,5667,3.43,1585
Querétaro,Cadereyta de Montes,Cadereyta de Montes,20.69502,-99.81563,69075,36082,32993,20405,43745,4907,8.02,31676,1345,23061,3.99,15627
Querétaro,Colón,Colón,20.78833,-100.04543,67121,33910,33211,20324,42960,3823,7.97,31513,163,19056,4.14,17599
Querétaro,Corregidora,El Pueblito,20.55244,-100.44588,212567,109535,103032,46997,149861,15460,12.22,115170,852,75308,3.3,44640
Querétaro,El Marqués,Saldarriaga,20.62874,-100.29008,231668,116185,115483,60085,161587,9673,10.59,126668,1664,90060,3.41,48174
Querétaro,Ezequiel Montes,Ezequiel Montes,20.66529,-99.89841,45141,23449,21692,12971,29259,2853,8.28,21896,290,13878,4.16,15705
Querétaro,Huimilpan,El Vegil,20.42798,-100.34997,36808,19463,17345,11335,23062,2400,7.73,15987,54,13226,3.72,9537
Querétaro,Jalpan de Serra,Jalpan de Serra,21.2168,-99.47291,27343,14307,13036,7834,17103,2340,8.58,12413,238,10747,3.59,3003
Querétaro,Landa de Matamoros,Landa de Matamoros,21.18346,-99.32191,18794,9806,8988,5323,11246,2222,6.98,7267,57,8240,3.51,1438
Querétaro,Pedro Escobedo,Pedro Escobedo,20.50249,-100.14473,77404,39479,37925,22115,50844,4395,8.72,37649,269,22047,4.06,14578
Querétaro,Peñamiller,Agua Fría,21.15598,-99.79759,19141,9789,9352,5746,11515,1871,7.39,7456,36,6824,3.93,2158
Querétaro,Pinal de Amoles,Pinal de Amoles,21.1353,-99.62754,27365,14072,13293,8997,15881,2487,7.23,10569,31,9513,4.02,3673
Querétaro,Querétaro,Santiago de Querétaro,20.59339,-100.38996,1049777,535188,514589,231542,741089,72340,11.43,574917,7409,358824,3.42,205658
Querétaro,San Joaquín,San Joaquín,20.91606,-99.56636,8359,4484,3875,2652,5059,647,7.4,2978,36,3327,3.67,245
Querétaro,San Juan del Río,San Juan del Río,20.38644,-99.99963,297804,152454,145350,75345,201673,19661,10,150047,1509,107354,3.55,60336
Querétaro,Tequisquiapan,Tequisquiapan,20.51882,-99.88384,72201,37178,35023,18576,47804,5796,9.28,36743,179,25687,3.81,21992
Querétaro,Tolimán,Tolimán,20.90815,-99.9308,27916,14788,13128,8466,17417,1984,8.25,11721,5473,9059,3.97,5250
Quintana Roo,Bacalar,Bacalar,18.67615,-88.38935,41754,20703,21051,12546,26208,2981,7.86,19519,8663,14266,3.73,8339
Quintana Roo,Benito Juárez,Cancún,21.16142,-86.82481,911503,452178,459325,213487,653396,35376,10.56,502785,60080,336997,3.17,238769
Quintana Roo,Cozumel,Cozumel,20.50378,-86.95759,88626,44211,44415,21748,61978,4873,10.15,48447,6493,31078,3.35,19274
Quintana Roo,Felipe Carrillo Puerto,Felipe Carrillo Puerto,19.57851,-88.04659,83990,42036,41954,25553,52829,5516,8.52,38705,47141,27365,3.91,13661
Quintana Roo,Isla Mujeres,Isla Mujeres,21.25657,-86.74609,22686,11144,11542,5983,15647,1014,8.92,12158,1656,9557,3.35,5845
Quintana Roo,José María Morelos,José María Morelos,19.74939,-88.71052,39165,19310,19855,12065,24251,2819,8.15,19708,18306,13891,3.75,6186
Quintana Roo,Lázaro Cárdenas,Kantunilkín,21.1014,-87.48722,29171,14327,14844,8668,18563,1940,8.28,13916,10343,10413,3.68,8587
Quintana Roo,Othón P. Blanco,Chetumal,18.49389,-88.2979,233648,118552,115096,55457,161046,16803,10.19,122186,12331,87728,3.28,48523
Quintana Roo,Puerto Morelos,Puerto Morelos,20.84845,-86.87618,26921,13090,13831,6585,18802,1474,10.36,15029,2467,13757,3.08,9240
Quintana Roo,Solidaridad,Playa del Carmen,20.62814,-87.0755,333800,163324,170476,82039,233019,7640,10.7,188395,26381,144680,3.01,91909
Quintana Roo,Tulum,Tulum,20.21078,-87.4632,46721,22331,24390,13269,32093,1295,9.28,25969,11088,21990,3.33,18247
San Luis Potosí,Ahualulco,Ahualulco del Sonido 13,22.4001,-101.16684,18974,10029,8945,5605,11434,1935,7.68,8351,14,6251,4.02,3820
San Luis Potosí,Alaquines,Alaquines,22.12789,-99.60039,7785,3998,3787,2143,4547,1095,6.84,2951,89,3430,3.54,1165
San Luis Potosí,Aquismón,Tampate,21.63786,-99.02682,48359,24346,24013,15305,28787,4251,6.96,21947,31575,15234,3.86,10761
San Luis Potosí,Armadillo de los Infante,La Concordia,22.35301,-100.58444,4013,2016,1997,929,2376,708,6.33,1287,2,2202,3.43,585
San Luis Potosí,Axtla de Terrazas,Axtla de Terrazas,21.43639,-98.875,32544,16627,15917,8985,20009,3546,8.76,15355,14869,10181,3.83,4267
San Luis Potosí,Catorce,Real de Catorce,23.69045,-100.88625,9579,4689,4890,2771,5659,1140,7.37,3523,16,4004,3.66,999
San Luis Potosí,Cedral,Cedral,23.81933,-100.72661,19840,10164,9676,5656,12395,1778,8.94,8527,27,7442,3.9,2763
San Luis Potosí,Cerritos,Cerritos,22.42767,-100.2796,22075,11293,10782,5564,13494,3008,8.33,9838,41,9559,3.46,4637
San Luis Potosí,Cerro de San Pedro,Portezuelo,22.17032,-100.8246,5050,2497,2553,1288,3305,452,9.37,2259,13,2229,3.68,788
San Luis Potosí,Charcas,Charcas,23.12982,-101.11335,21814,11158,10656,5758,13636,2393,8.15,9536,26,8137,3.63,3381
San Luis Potosí,Ciudad Fernández,Ciudad Fernández,21.94351,-100.01102,48106,24663,23443,13132,30327,4647,8.64,22916,216,16433,3.75,8913
San Luis Potosí,Ciudad Valles,Ciudad Valles,21.98654,-99.01872,179371,93009,86362,42387,119650,17239,9.91,88233,12757,65309,3.35,34904
San Luis Potosí,Ciudad del Maíz,Ciudad del Maíz,22.39985,-99.60057,30320,15325,14995,9034,17760,3512,7.61,13115,141,11543,3.77,4172
San Luis Potosí,Coxcatlán,Coxcatlán,21.54114,-98.90347,15660,7897,7763,4101,9337,2222,7.89,6650,11592,5015,3.73,2186
San Luis Potosí,Cárdenas,Cárdenas,22.0009,-99.6425,18317,9582,8735,4809,11170,2326,8.58,8580,229,7559,3.51,4294
San Luis Potosí,Ebano,Ebano,22.21234,-98.3778,40899,20968,19931,10823,25618,4453,8.46,18686,3021,14706,3.48,8006
San Luis Potosí,El Naranjo,El Naranjo,22.52204,-99.32251,20959,10514,10445,5909,13142,1901,8.26,9005,99,7882,3.56,2656
San Luis Potosí,Guadalcázar,Entronque de Matehuala (El Huizache),22.92177,-100.46407,25119,12608,12511,7288,14457,3364,6.43,10890,27,9326,3.86,4471
San Luis Potosí,Huehuetlán,Huichihuayán,21.48309,-98.9675,15334,7852,7482,4311,9472,1549,8.29,6650,9001,5005,3.76,2559
San Luis Potosí,Lagunillas,San Rafael,21.59007,-99.70641,5453,2723,2730,1280,3088,1085,6.38,1974,75,2654,3.17,634
San Luis Potosí,Matehuala,Matehuala,23.64636,-100.6442,102199,52548,49651,26926,66809,8449,9.71,49689,171,34969,3.73,16677
San Luis Potosí,Matlapa,Matlapa,21.3375,-98.8268,28996,14885,14111,9212,16931,2853,7.86,12507,15074,8670,4.01,2280
San Luis Potosí,Mexquitic de Carmona,San Marcos (San Marcos Carmona),22.19209,-101.05333,58469,30598,27871,16367,37313,4782,8.6,27784,71,18082,4.21,15580
San Luis Potosí,Moctezuma,Moctezuma,22.74989,-101.08556,19036,9955,9081,5555,11428,2052,7.07,7142,22,7463,3.67,4103
San Luis Potosí,Rayón,Rayón,21.84372,-99.64532,15301,7843,7458,4039,8891,2336,7.18,6507,847,6708,3.41,3041
San Luis Potosí,Rioverde,Rioverde,21.93238,-99.99292,97943,50900,47043,25606,61502,10828,8.63,47304,333,36312,3.59,20196
San Luis Potosí,Salinas,Salinas de Hidalgo,22.62802,-101.71574,31107,16233,14874,9741,18919,2428,7.95,13187,13,10783,3.96,6152
San Luis Potosí,San Antonio,Tocoy,21.63817,-98.87117,9382,4678,4704,2660,5717,1005,8.21,3779,7325,2833,3.91,1229
San Luis Potosí,San Ciro de Acosta,San Ciro de Acosta,21.65001,-99.81869,10215,5274,4941,2635,5925,1655,7.5,4554,27,4618,3.37,1747
San Luis Potosí,San Luis Potosí,San Luis Potosí,22.15165,-100.97696,911908,471011,440897,206048,631746,73237,11.38,483905,4745,301965,3.5,159643
San Luis Potosí,San Martín Chalchicuautla,San Martín Chalchicuautla,21.3697,-98.65724,18468,9361,9107,4545,10827,3086,7.26,7333,7255,6602,3.5,1624
San Luis Potosí,San Nicolás Tolentino,Santa Catarina,22.04732,-100.45801,4779,2408,2371,1003,2710,1066,6.41,1747,0,2682,3.17,880
San Luis Potosí,San Vicente Tancuayalab,San Vicente Tancuayalab,21.71494,-98.58572,14945,7534,7411,3805,9488,1652,8.36,6532,3189,4987,3.59,2529
San Luis Potosí,Santa Catarina,San Diego (Pueblo Viejo),21.49694,-99.48722,12163,6246,5917,3941,7129,1089,5.75,2691,7163,4061,4.11,775
San Luis Potosí,Santa María del Río,Santa María del Río,21.80044,-100.73711,39880,20722,19158,11214,24823,3800,7.87,18319,32,14523,3.9,6969
San Luis Potosí,Santo Domingo,Jesús María,23.1539,-102.19243,10785,5506,5279,3008,6315,1431,6.63,2961,8,4531,3.7,2174
San Luis Potosí,Soledad de Graciano Sánchez,Soledad de Graciano Sánchez,22.18788,-100.93727,332072,170195,161877,84302,228640,18613,10.68,172682,1488,107614,3.62,55060
San Luis Potosí,Tamasopo,Tamasopo,21.9239,-99.39216,29184,14438,14746,7947,18028,3205,7.27,13153,3239,11391,3.47,5249
San Luis Potosí,Tamazunchale,Tamazunchale,21.26274,-98.79152,95037,48828,46209,27603,58359,9075,8.43,43030,31673,29991,3.88,17120
San Luis Potosí,Tampacán,Tampacán,21.40231,-98.72768,14348,7067,7281,3685,8621,2039,8.43,6078,5525,4636,3.7,1121
San Luis Potosí,Tampamolón Corona,Tampamolón Corona,21.56035,-98.81511,13603,6848,6755,3875,8202,1526,8.04,5931,7475,4294,3.85,1771
San Luis Potosí,Tamuín,Tamuín,22.00415,-98.77516,36968,18859,18109,9778,23435,3754,8.51,16972,4404,13111,3.5,5770
San Luis Potosí,Tancanhuitz,Tancanhuitz,21.59732,-98.96639,20300,10299,10001,5688,12399,2203,8.52,9459,12909,6106,3.88,4603
San Luis Potosí,Tanlajás,Tanlajás,21.66566,-98.88807,18208,9097,9111,5137,11199,1861,8.07,8213,13793,5730,3.65,2673
San Luis Potosí,Tanquián de Escobedo,Tanquián de Escobedo,21.59809,-98.66206,13448,6875,6573,3537,8280,1627,8.64,6112,2052,4441,3.63,3177
San Luis Potosí,Tierra Nueva,Tierra Nueva,21.66746,-100.57392,7966,4246,3720,2209,4645,1112,6.93,3129,5,3773,3.63,1650
San Luis Potosí,Vanegas,Vanegas,23.88389,-100.95056,7557,3751,3806,2250,4575,732,7.29,2569,45,2680,3.83,1098
San Luis Potosí,Venado,Venado,22.93134,-101.09463,14188,7172,7016,3488,8876,1824,7.67,6707,21,5790,3.56,3720
San Luis Potosí,Villa Hidalgo,Villa Hidalgo,22.44869,-100.67886,15458,7803,7655,4026,9399,2033,7.53,6636,19,6172,3.66,3023
San Luis Potosí,Villa Juárez,Villa Juárez,22.32321,-100.26665,10304,5169,5135,2754,5973,1577,6.62,4341,10,5268,3.47,1203
San Luis Potosí,Villa de Arista,Villa de Arista,22.64477,-100.84902,17258,8888,8370,5360,10578,1320,7.31,7214,62,5683,4.01,2206
San Luis Potosí,Villa de Arriaga,Villa de Arriaga,21.91014,-101.38337,18206,9213,8993,5529,11143,1489,7.24,8293,23,5864,3.92,2988
San Luis Potosí,Villa de Guadalupe,Villa de Guadalupe,23.37442,-100.7579,9277,4646,4631,2466,5499,1312,6.49,3500,18,3842,3.7,1506
San Luis Potosí,Villa de Ramos,Dulce Grande,23.00282,-102.17427,38389,20122,18267,12248,22903,3220,6.64,12992,63,14084,3.84,5449
San Luis Potosí,Villa de Reyes,Villa de Reyes,21.80312,-100.93249,52912,26749,26163,16179,33199,3487,7.92,23018,28,14523,4.35,8783
San Luis Potosí,Villa de la Paz,Villa de la Paz,23.67535,-100.71317,5298,2664,2634,1444,3346,508,8.82,2070,15,1801,3.96,463
San Luis Potosí,Xilitla,Xilitla,21.38519,-98.98957,49741,25311,24430,15272,29273,5189,8.18,22258,18227,15696,3.91,5205
San Luis Potosí,Zaragoza,Villa de Zaragoza,22.03561,-100.73097,27386,13904,13482,8278,17203,1905,7.53,11297,14,7986,4.24,4886
Sinaloa,Ahome,Los Mochis,25.78342,-108.99434,459310,233994,225316,109552,309762,39930,10.66,222281,6109,160276,3.42,91293
Sinaloa,Angostura,La Reforma,25.08077,-108.05387,44093,21964,22129,9827,28653,5613,9.15,19924,367,16111,3.37,4458
Sinaloa,Badiraguato,Badiraguato,25.36265,-107.55102,26542,12873,13669,8020,15739,2776,7.13,11362,14,10547,3.65,4717
Sinaloa,Choix,Choix,26.70701,-108.32235,29334,14445,14889,8325,17623,3386,7.29,12383,768,11402,3.58,2706
Sinaloa,Concordia,Heroica Ciudad Concordia,23.28763,-106.06861,24899,12360,12539,6559,15109,3231,8.84,11373,41,10903,3.44,3073
Sinaloa,Cosalá,Cosalá,24.41135,-106.69153,17012,8336,8676,5309,10133,1570,7.9,7327,10,5818,4.04,2505
Sinaloa,Culiacán,Culiacán Rosales,24.80881,-107.39376,1003530,512484,491046,248043,678895,74751,11.06,504998,4634,340656,3.52,202978
Sinaloa,El Fuerte,El Fuerte,26.4216,-108.61997,96593,48137,48456,24192,61819,10565,8.9,45297,5050,32364,3.63,21777
Sinaloa,Elota,La Cruz,23.9154,-106.89271,55339,26793,28546,16089,35327,3881,7.97,24245,2983,15450,3.87,7941
Sinaloa,Escuinapa,Escuinapa de Hidalgo,22.83505,-105.77788,59988,29887,30101,16376,37794,5780,9.16,30116,2745,21321,3.68,10291
Sinaloa,Guasave,Guasave,25.56555,-108.47182,289370,146352,143018,70052,189837,29424,9.61,133193,3347,92905,3.65,58917
Sinaloa,Mazatlán,Mazatlán,23.20032,-106.42222,501441,256060,245381,115734,341005,44582,10.83,256545,2452,196436,3.26,99672
Sinaloa,Mocorito,Pericos,25.08602,-107.70424,40358,19783,20575,9729,24448,6166,7.93,17736,19,16294,3.48,5772
Sinaloa,Navolato,Licenciado Benito Juárez (Campo Gobierno),24.65737,-107.54078,149122,73653,75469,39271,97816,12026,8.6,73202,4464,47522,3.75,25187
Sinaloa,Rosario,El Rosario,22.99087,-105.85376,52345,25896,26449,13966,32263,6116,9.01,26046,1043,18695,3.53,8966
Sinaloa,Salvador Alvarado,Guamúchil,25.457,-108.0807,79492,41068,38424,19534,51902,8046,10.49,37414,166,29058,3.42,10933
Sinaloa,San Ignacio,San Ignacio,23.94028,-106.4255,19505,9223,10282,4976,11829,2697,8.04,8540,157,8278,3.31,2547
Sinaloa,Sinaloa,Estación Naranjo,25.80138,-108.47783,78670,38820,39850,21350,47969,9351,7.84,33712,1170,27991,3.73,11382
Sonora,Aconchi,Aconchi,29.82587,-110.22855,2563,1227,1336,589,1624,350,8.78,1032,2,1113,3.24,532
Sonora,Agua Prieta,Agua Prieta,31.32782,-109.54635,91929,46118,45811,25287,61326,5261,9.64,43478,431,33485,3.38,26718
Sonora,Alamos,Álamos,27.02405,-108.93493,24976,12067,12909,6339,15540,3094,8.2,11108,1411,10065,3.5,3949
Sonora,Altar,Altar,30.71334,-111.83357,9492,4780,4712,2752,6058,678,8.73,4114,88,3644,3.55,3075
Sonora,Arivechi,Arivechi,28.92864,-109.18709,1177,583,594,283,707,187,8.18,464,10,684,2.98,242
Sonora,Arizpe,Arizpe,30.33623,-110.16681,2788,1342,1446,616,1675,497,8.13,1134,3,1555,2.88,694
Sonora,Atil,Atil,30.84399,-111.58389,626,316,310,131,384,111,9.07,213,1,295,3.28,154
Sonora,Bacadéhuachi,Bacadéhuachi,29.80907,-109.14075,979,457,522,196,608,175,7.64,346,0,540,2.83,214
Sonora,Bacanora,Bacanora,28.98406,-109.4004,759,369,390,169,422,160,7.23,283,0,491,2.9,166
Sonora,Bacerac,Bacerac,30.35528,-108.9298,1221,618,603,308,756,157,8.1,477,1,636,3.21,364
Sonora,Bacoachi,Bacoachi,30.63304,-109.96901,1475,725,750,312,924,239,8.11,540,5,842,2.86,209
Sonora,Banámichi,Banámichi,30.00778,-110.21555,1825,901,924,453,1143,229,9.35,766,0,811,3.23,181
Sonora,Bavispe,Bavispe,30.48012,-108.94102,1169,551,618,323,675,171,7.72,354,1,624,3.02,665
Sonora,Baviácora,Baviácora,29.71523,-110.16505,3191,1529,1662,707,1959,525,8.68,1173,0,1626,3.05,419
Sonora,Benito Juárez,Villa Juárez,27.12781,-109.84257,21692,10791,10901,5655,13854,2183,8.97,10000,1038,7097,3.62,4113
Sonora,Benjamín Hill,Benjamín Hill,30.16716,-111.11792,4988,2505,2483,1292,3135,561,9.11,1961,3,2095,3.23,744
Sonora,Bácum,Francisco Javier Mina (Campo 60),27.46125,-110.11128,23151,11367,11784,5680,15147,2310,8.75,10635,2325,7811,3.55,4410
Sonora,Caborca,Heroica Caborca,30.71407,-112.14835,89122,44386,44736,23690,59010,6370,9.51,43519,723,33572,3.32,19446
Sonora,Cajeme,Ciudad Obregón,27.49649,-109.93272,436484,221883,214601,99834,296090,40477,10.8,216262,3259,162966,3.21,67319
Sonora,Cananea,Heroica Ciudad de Cananea,30.98265,-110.30167,39451,19841,19610,10842,25347,3217,10.52,17145,103,14538,3.4,3450
Sonora,Carbó,Carbó,29.68469,-110.95443,4946,2378,2568,1356,3137,453,8.3,2201,68,1761,3.51,1198
Sonora,Cucurpe,Cucurpe,30.32919,-110.70589,863,393,470,191,562,110,7.72,368,1,533,2.74,155
Sonora,Cumpas,Cumpas,29.99356,-109.7825,5829,2864,2965,1306,3722,801,9.54,2599,2,2851,3.13,354
Sonora,Divisaderos,Divisaderos,29.61507,-109.47067,753,359,394,180,448,125,8.52,295,2,408,3.11,29
Sonora,Empalme,Empalme,27.95761,-110.81599,51431,25463,25968,12975,33874,4579,9.59,24474,1183,18765,3.4,8128
Sonora,Etchojoa,Etchojoa,26.91083,-109.62528,61309,30001,31308,15467,39655,6187,9.41,28548,8263,18543,3.94,8701
Sonora,Fronteras,Esqueda,30.72352,-109.589,9041,4461,4580,2690,5788,563,9.59,3497,113,3509,3.35,1674
Sonora,General Plutarco Elías Calles,Sonoyta,31.8664,-112.85728,13627,6900,6727,4164,8521,942,8.93,6293,60,6469,3.29,3445
Sonora,Granados,Granados,29.86229,-109.31052,1009,485,524,221,629,159,8.97,422,0,530,2.95,162
Sonora,Guaymas,Heroica Guaymas,27.92325,-110.88944,156863,78876,77987,38544,104569,13633,10.11,75956,12381,61162,3.31,24862
Sonora,Hermosillo,Hermosillo,29.07489,-110.95846,936263,468773,467490,220771,646237,67282,11.3,480559,9757,326410,3.33,166919
Sonora,Huachinera,Huachinera,30.21148,-108.95882,1186,579,607,260,761,165,7.86,483,5,628,3,187
Sonora,Huatabampo,Huatabampo,26.8269,-109.64415,77682,38265,39417,18321,50488,8873,9.59,34972,7568,27486,3.61,10876
Sonora,Huásabas,Huásabas,29.90419,-109.30147,888,421,467,178,550,160,8.99,362,1,533,2.97,141
Sonora,Huépac,Huépac,29.91127,-110.21372,943,449,494,204,558,181,9.23,312,1,608,2.88,45
Sonora,Imuris,Imuris,30.77733,-110.86154,12536,6135,6401,3471,7933,1115,8.93,5695,124,5104,3.34,3246
Sonora,La Colorada,Tecoripa,28.62374,-109.95381,1848,828,1020,385,1179,284,7.57,781,8,1197,2.71,332
Sonora,Magdalena,Magdalena de Kino,30.63036,-110.9694,33049,16819,16230,8632,21706,2707,10.01,15636,87,12327,3.34,6855
Sonora,Mazatán,Mazatán,29.00336,-110.14022,1101,507,594,198,695,208,8.51,451,1,662,2.74,445
Sonora,Moctezuma,Moctezuma,29.80218,-109.68034,5173,2630,2543,1141,3462,523,10.35,2204,4,2367,3,324
Sonora,Naco,Naco,31.33155,-109.94813,5774,2877,2897,1715,3630,427,9.37,2351,33,2496,3.39,2402
Sonora,Nacozari de García,Nacozari de García,30.37372,-109.68647,14369,7095,7274,4005,9455,909,10.1,6224,94,5801,3.29,1078
Sonora,Navojoa,Navojoa,27.0816,-109.44555,164387,83123,81264,39304,109181,15873,10.31,78847,6040,58284,3.5,20740
Sonora,Nogales,Heroica Nogales,31.3259,-110.94574,264782,132522,132260,70320,181090,13293,10.59,136116,1938,90150,3.36,47264
Sonora,Nácori Chico,Nácori Chico,29.68632,-108.97859,1531,723,808,364,909,258,7.11,513,1,850,3.05,455
Sonora,Onavas,Ónavas,28.46054,-109.52952,365,181,184,84,211,70,7.12,160,2,193,3.04,152
Sonora,Opodepe,Querobabi,30.04976,-111.02149,2438,1113,1325,562,1480,396,7.81,1033,9,1236,2.94,709
Sonora,Oquitoa,Oquitoa,30.74205,-111.73482,496,265,231,98,326,72,9.85,207,0,216,3.18,229
Sonora,Pitiquito,Pitiquito,30.676,-112.05393,9122,4428,4694,2252,6012,858,9.24,4413,312,3621,3.28,1489
Sonora,Puerto Peñasco,Puerto Peñasco,31.30678,-113.54013,62689,31053,31636,17175,41830,3658,9.83,32109,684,29702,3.26,16628
Sonora,Quiriego,Quiriego,27.52049,-109.25123,3090,1472,1618,798,1854,437,7.23,1064,101,1435,3.28,473
Sonora,Rayón,Rayón,29.71448,-110.5735,1496,687,809,311,878,307,7.75,568,4,917,2.77,164
Sonora,Rosario,Rosario,27.84066,-109.37077,4830,2346,2484,1242,2837,742,7.21,1971,17,2264,3.2,1321
Sonora,Sahuaripa,Sahuaripa,29.05633,-109.23337,5257,2538,2719,1186,3238,833,8.42,2184,10,2752,3.01,1283
Sonora,San Felipe de Jesús,San Felipe de Jesús,29.85862,-110.24106,369,168,201,95,212,62,9.5,148,0,290,2.93,33
Sonora,San Ignacio Río Muerto,San Ignacio Río Muerto,27.41141,-110.24151,14279,6937,7342,3751,9201,1327,8.55,6425,931,4615,3.63,3156
Sonora,San Javier,San Javier,28.59528,-109.73946,537,243,294,171,316,50,8.77,184,4,229,3.44,143
Sonora,San Luis Río Colorado,San Luis Río Colorado,32.47983,-114.77962,199021,98469,100552,50595,133390,14922,9.46,99224,939,72402,3.31,61152
Sonora,San Miguel de Horcasitas,Pesqueira,29.38009,-110.89659,10729,5122,5607,3334,6890,496,6.73,5300,2195,3533,3.84,4353
Sonora,San Pedro de la Cueva,San Pedro de la Cueva,29.28648,-109.73611,1458,665,793,265,868,317,7.7,557,2,1267,2.58,465
Sonora,Santa Ana,Santa Ana,30.54389,-111.12109,16203,8214,7989,4129,10507,1567,9.86,7178,15,6381,3.28,3104
Sonora,Santa Cruz,Santa Cruz,31.23154,-110.59598,1835,873,962,521,1154,160,8.5,689,7,891,3.1,234
Sonora,Soyopa,La Estrella,28.94241,-109.64376,1368,599,769,320,814,234,7.4,575,2,877,2.86,608
Sonora,Suaqui Grande,Suaqui Grande,28.39555,-109.8882,1114,513,601,241,682,191,7.6,472,0,543,3.16,392
Sonora,Sáric,Sásabe,31.47186,-111.54579,2058,979,1079,531,1291,227,7.82,775,5,1078,3.16,588
Sonora,Tepache,Tepache,29.5344,-109.53237,1178,557,621,218,724,236,8.19,389,0,778,2.96,164
Sonora,Trincheras,Trincheras,30.39862,-111.53148,1381,642,739,342,843,196,7.73,554,1,700,2.87,536
Sonora,Tubutama,La Sangre (La Sangre Nueva),30.64217,-111.42092,1473,690,783,329,921,223,7.7,539,6,739,3.02,298
Sonora,Ures,Heroica Ciudad de Ures,29.42808,-110.38958,8548,4097,4451,1674,5453,1421,9.07,4063,15,4334,2.89,847
Sonora,Villa Hidalgo,Villa Hidalgo,30.16311,-109.31987,1429,681,748,335,865,229,8.08,527,3,865,2.89,290
Sonora,Villa Pesqueira,Villa Pesqueira (Mátape),29.11832,-109.96891,1043,451,592,181,648,214,8.35,506,0,664,2.75,385
Sonora,Yécora,Yécora,28.37269,-108.92591,4793,2378,2415,1286,2899,594,7.09,1651,405,2658,3.14,1450
Tabasco,Balancán,Balancán,17.8004,-91.53385,58524,29282,29242,16855,36458,5206,8.27,30295,984,22460,3.43,18142
Tabasco,Centla,Frontera,18.53011,-92.65219,107731,54617,53114,32371,68213,7143,9.32,52046,12028,34495,3.78,39439
Tabasco,Centro,Villahermosa,17.98784,-92.91942,683607,353527,330080,162885,469127,51331,10.96,350487,28902,248143,3.45,211824
Tabasco,Comalcalco,Comalcalco,18.26605,-93.22502,214877,109594,105283,60620,138856,15322,9.14,105632,481,70296,3.67,70068
Tabasco,Cunduacán,Cunduacán,18.06536,-93.1743,137257,69985,67272,40047,87754,9424,8.86,65102,451,44811,3.65,51566
Tabasco,Cárdenas,Cárdenas,17.98943,-93.37686,243229,124434,118795,72473,154079,16657,8.84,111131,822,84713,3.61,80932
Tabasco,Emiliano Zapata,Emiliano Zapata,17.74458,-91.76508,32181,16728,15453,8483,20847,2847,9.62,16020,258,12252,3.38,7056
Tabasco,Huimanguillo,Huimanguillo,17.83517,-93.39077,190885,96975,93910,59092,119048,12728,8.45,88403,503,62848,3.68,64817
Tabasco,Jalapa,Jalapa,17.71973,-92.81217,37749,18870,18879,9458,24927,3354,9.08,19647,116,12760,3.57,9962
Tabasco,Jalpa de Méndez,Jalpa de Méndez,18.17685,-93.0626,91185,46272,44913,25671,59049,6457,9.73,41261,535,27142,3.85,33675
Tabasco,Jonuta,Jonuta,18.09071,-92.13873,30798,15344,15454,8645,19577,2576,8.27,16432,1020,10184,3.55,5776
Tabasco,Macuspana,Macuspana,17.75643,-92.59407,158601,81070,77531,44423,102697,11429,9.33,72686,11455,52633,3.66,43612
Tabasco,Nacajuca,Pomoca,18.05103,-92.93135,150300,77406,72894,40169,101684,8081,10.53,75949,19374,51899,3.58,44047
Tabasco,Paraíso,Paraíso,18.39577,-93.21424,96741,49069,47672,25768,64037,6926,10.04,45131,200,32946,3.64,26188
Tabasco,Tacotalpa,Tacotalpa,17.59179,-92.82628,47905,24151,23754,13651,30519,3733,8.66,21752,10179,15924,3.74,13728
Tabasco,Teapa,Teapa,17.54828,-92.95299,58718,29954,28764,15754,38733,4230,8.68,28304,319,19244,3.63,16144
Tabasco,Tenosique,Tenosique de Pino Suárez,17.47749,-91.42595,62310,31649,30661,17268,39845,5195,8.74,32236,3398,24050,3.41,18508
Tamaulipas,Abasolo,Abasolo,24.06084,-98.37428,9822,4924,4898,2565,6019,1238,7.91,4134,12,4573,3.18,734
Tamaulipas,Aldama,Aldama,22.91931,-98.07371,28725,14378,14347,7623,17874,3228,8.1,13314,129,12799,3.13,3526
Tamaulipas,Altamira,Miramar,22.33647,-97.86633,269790,136484,133306,70329,183545,15132,9.76,132690,3527,107981,3.32,59895
Tamaulipas,Antiguo Morelos,Antiguo Morelos,22.54942,-99.08362,8850,4463,4387,2231,5482,1137,7.86,3837,18,3569,3.18,1140
Tamaulipas,Burgos,Burgos,24.94664,-98.79901,4256,2055,2201,1016,2539,701,7,1640,3,2311,3,618
Tamaulipas,Bustamante,Bustamante,23.43548,-99.75781,7542,3689,3853,2261,4313,968,6.48,2676,2,2450,4.02,1001
Tamaulipas,Camargo,Ciudad Camargo,26.31672,-98.83599,16546,7926,8620,3870,10894,1782,8.1,7870,25,8440,2.59,4533
Tamaulipas,Casas,Casas,23.72713,-98.73784,4143,1965,2178,1271,2391,479,6.26,1277,16,1685,3.44,480
Tamaulipas,Ciudad Madero,Ciudad Madero,22.24628,-97.837,205933,107685,98248,40141,141402,24116,11.74,98559,1527,75722,3.14,37874
Tamaulipas,Cruillas,Cruillas,24.75517,-98.53454,1671,845,826,399,1000,272,7.23,609,5,1101,2.94,131
Tamaulipas,El Mante,Ciudad Mante,22.744,-98.97172,106144,55225,50919,23753,69186,13171,9.68,48928,236,45162,3.06,9884
Tamaulipas,González,Estación Manuel (Úrsulo Galván),22.72899,-98.32147,41470,21102,20368,11422,25701,4339,7.65,18443,254,15913,3.36,8625
Tamaulipas,Guerrero,Nueva Ciudad Guerrero,26.56635,-99.22763,3803,1688,2115,683,2680,440,8.18,2029,7,2062,1.98,451
Tamaulipas,Gustavo Díaz Ordaz,Ciudad Gustavo Díaz Ordaz,26.23397,-98.59028,15677,7811,7866,4017,10015,1622,8.71,7196,36,6747,3.18,6006
Tamaulipas,Gómez Farías,Loma Alta (Loma Alta de Gómez Farías),22.88646,-99.02778,8288,4058,4230,1926,5295,1067,8.35,3580,17,3465,3.18,909
Tamaulipas,Güémez,Güémez,23.91914,-99.00833,15032,7270,7762,3935,9228,1831,7.96,6275,32,6166,3.28,2141
Tamaulipas,Hidalgo,Estación Santa Engracia,24.01659,-99.20176,17012,8323,8689,4031,10080,2901,7.74,7205,18,8886,3.1,2834
Tamaulipas,Jaumave,Jaumave,23.40512,-99.37567,15994,8002,7992,4411,9656,1891,8.5,6638,29,5713,3.63,898
Tamaulipas,Jiménez,Santander Jiménez,24.21449,-98.4857,6375,3204,3171,1579,3999,797,8.69,2496,4,3109,3.18,501
Tamaulipas,Llera,Llera de Canales,23.31896,-99.02363,14645,7177,7468,3413,8692,2540,7.85,6394,57,6953,3.09,1455
Tamaulipas,Mainero,Magueyes,24.56792,-99.54822,2048,1027,1021,461,1148,439,7.5,722,1,1175,2.97,245
Tamaulipas,Matamoros,Heroica Matamoros,25.87992,-97.50482,541979,274081,267898,137470,368765,35069,9.92,274021,4114,195499,3.38,131752
Tamaulipas,Mier,Mier,26.43047,-99.14869,6385,3002,3383,1108,4277,1000,9.1,3201,27,3390,2.13,435
Tamaulipas,Miguel Alemán,Ciudad Miguel Alemán,26.40102,-99.02611,26237,12612,13625,5005,18389,2843,9,15305,84,12213,2.27,7314
Tamaulipas,Miquihuana,Miquihuana,23.57395,-99.7542,3704,1792,1912,1098,2077,487,6.9,1123,0,1498,3.68,120
Tamaulipas,Méndez,Méndez,25.11655,-98.58622,4280,2138,2142,1066,2595,619,7.14,1627,8,2273,3.06,1229
Tamaulipas,Nuevo Laredo,Nuevo Laredo,27.48629,-99.50849,425058,215616,209442,112973,283982,27832,9.98,208620,1737,143080,3.52,111510
Tamaulipas,Nuevo Morelos,Nuevo Morelos,22.53447,-99.22133,3810,1833,1977,1097,2301,412,7.96,1358,48,1556,3.36,310
Tamaulipas,Ocampo,Ocampo,22.84504,-99.33602,13190,6460,6730,3375,7847,1966,8.2,5669,40,5260,3.3,1819
Tamaulipas,Padilla,Nueva Villa de Padilla,24.0488,-98.90029,13618,6767,6851,3619,8315,1684,8.66,5598,12,5332,3.29,1489
Tamaulipas,Palmillas,Palmillas,23.30176,-99.54754,1917,956,961,496,1110,302,7.65,625,2,966,3.21,135
Tamaulipas,Reynosa,Reynosa,26.09235,-98.27813,704767,354406,350361,183050,481897,37438,10.12,367349,6216,275570,3.25,142477
Tamaulipas,Río Bravo,Ciudad Río Bravo,25.981,-98.09014,132484,66363,66121,35409,86969,10040,9.13,64975,627,47952,3.4,35309
Tamaulipas,San Carlos,San Carlos,24.58177,-98.94364,7411,3556,3855,1691,4363,1357,7.05,2772,0,3444,3.13,844
Tamaulipas,San Fernando,San Fernando,24.84868,-98.15962,51405,25693,25712,14121,32261,5020,8.44,23166,152,21779,3.31,7993
Tamaulipas,San Nicolás,Flechadores,24.5227,-98.67794,926,432,494,252,572,98,7.36,142,0,490,3.32,87
Tamaulipas,Soto la Marina,Soto la Marina,23.76704,-98.20619,23673,11570,12103,6063,15246,2360,7.88,11087,151,10465,3.04,2906
Tamaulipas,Tampico,Tampico,22.21606,-97.85839,297562,155805,141757,58750,203139,34973,11.47,148196,2644,109591,3.16,59681
Tamaulipas,Tula,Ciudad Tula,22.99688,-99.713,28230,14220,14010,8426,16446,3358,7.71,11877,39,10749,3.63,2851
Tamaulipas,Valle Hermoso,Valle Hermoso,25.6738,-97.81245,60055,30613,29442,15374,38840,5827,9.21,28511,107,22976,3.31,10814
Tamaulipas,Victoria,Ciudad Victoria,23.73105,-99.15125,349688,180459,169229,83245,236254,29907,11.44,174042,654,124897,3.42,47692
Tamaulipas,Villagrán,Villagrán,24.47319,-99.48811,5361,2626,2735,1310,3116,935,7.07,2206,8,2466,3.18,699
Tamaulipas,Xicoténcatl,Xicoténcatl,22.99677,-98.94568,22229,11294,10935,5202,14317,2709,9.28,9193,26,9322,3.15,2512
Tlaxcala,Acuamanala de Miguel Hidalgo,Concepción Chimalpa,19.21636,-98.19836,6432,3248,3184,1720,4324,369,9.63,3083,99,1772,4.25,1190
Tlaxcala,Amaxac de Guerrero,Amaxac de Guerrero,19.35029,-98.16957,11403,5849,5554,2783,7666,943,10.89,5521,139,3767,3.79,2887
Tlaxcala,Apetatitlán de Antonio Carvajal,Apetatitlán,19.33226,-98.19682,16003,8258,7745,3967,10670,1270,11.19,7867,137,4990,3.72,4257
Tlaxcala,Apizaco,Ciudad de Apizaco,19.41633,-98.14061,80725,42258,38467,18768,54696,7192,10.86,40129,595,28836,3.55,22445
Tlaxcala,Atlangatepec,Zumpango,19.55537,-98.2147,7087,3629,3458,2019,4485,583,8.41,3156,43,2541,3.69,1117
Tlaxcala,Atltzayanca,Atlzayanca,19.43136,-97.79653,18111,9168,8943,5196,11367,1539,8.08,9271,27,5434,3.99,4722
Tlaxcala,Benito Juárez,Benito Juárez,19.58451,-98.42636,6211,3248,2963,1826,3997,378,8.48,2597,8,1826,4.03,774
Tlaxcala,Calpulalpan,Heroica Ciudad de Calpulalpan,19.58853,-98.57048,51172,26556,24616,14219,33399,3518,9.42,24547,173,15018,3.98,12694
Tlaxcala,Chiautempan,Santa Ana Chiautempan,19.31398,-98.19296,73215,37964,35251,17854,47910,5825,10.46,36973,1653,22233,3.91,19341
Tlaxcala,Contla de Juan Cuamatzi,Contla,19.33452,-98.16791,38579,19787,18792,9710,25913,2831,9.9,19996,4476,10870,4.15,12290
Tlaxcala,Cuapiaxtla,Cuapiaxtla,19.29666,-97.76938,16222,8250,7972,4727,10432,1059,8.26,7285,15,4619,4.19,3392
Tlaxcala,Cuaxomulco,Cuaxomulco,19.35581,-98.10312,5928,3026,2902,1564,3843,499,9.7,2726,35,1965,3.9,986
Tlaxcala,El Carmen Tequexquitla,Villa de El Carmen Tequexquitla,19.32459,-97.65916,17332,8927,8405,5223,11030,1079,8.04,7241,28,5235,4.16,3740
Tlaxcala,Emiliano Zapata,Emiliano Zapata,19.55881,-97.9172,4951,2524,2427,1514,3124,305,7.99,2076,4,1496,3.99,499
Tlaxcala,Españita,Españita,19.4623,-98.42381,9416,4830,4586,2742,5754,902,8.31,3777,31,3692,3.83,2315
Tlaxcala,Huamantla,Huamantla,19.31266,-97.9231,98764,51003,47761,28197,64298,6186,9.12,47294,246,28544,4.11,28816
Tlaxcala,Hueyotlipan,Hueyotlipan,19.46999,-98.3485,15190,7764,7426,4191,9591,1373,8.59,6606,42,5322,3.93,2687
Tlaxcala,Ixtacuixtla de Mariano Matamoros,Villa Mariano Matamoros,19.32665,-98.37711,38970,20054,18916,9837,25721,3400,9.66,19616,168,13028,3.83,11811
Tlaxcala,Ixtenco,Ixtenco,19.25114,-97.89511,7504,3882,3622,1884,4815,805,9.83,3785,389,2831,3.81,1346
Tlaxcala,La Magdalena Tlaltelulco,La Magdalena Tlaltelulco,19.27736,-98.19496,19036,9596,9440,443,1140,103,10.95,911,35,5279,4.13,304
Tlaxcala,Lázaro Cárdenas,Lázaro Cárdenas,19.53876,-97.98319,3534,1799,1735,1033,2250,251,8.68,1318,3,1151,3.88,526
Tlaxcala,Mazatecochco de José María Morelos,Mazatecochco,19.17973,-98.19068,11592,5773,5819,3257,7495,754,8.27,5561,932,2967,4.6,4744
Tlaxcala,Muñoz de Domingo Arenas,Muñoz,19.47605,-98.20889,4755,2464,2291,1296,3066,393,9.08,1667,5,1603,3.83,850
Tlaxcala,Nanacamilpa de Mariano Arista,Ciudad de Nanacamilpa,19.49316,-98.53634,18686,9624,9062,5085,11940,1643,8.74,8473,51,6031,3.9,3488
Tlaxcala,Natívitas,Santiago Michac,19.22056,-98.33767,26309,13584,12725,7030,17077,2197,9.47,13306,77,8076,4.1,8873
Tlaxcala,Panotla,Panotla,19.31513,-98.26723,28357,14938,13419,6677,18905,2756,10.89,14180,231,9860,3.67,7795
Tlaxcala,Papalotla de Xicohténcatl,Papalotla,19.16985,-98.20459,33499,17317,16182,8986,22094,2326,9.85,16017,602,9953,4.01,9501
Tlaxcala,San Damián Texóloc,San Damián Texóloc,19.27843,-98.28462,5884,2962,2922,1364,3892,574,10.52,2881,14,1779,3.98,1519
Tlaxcala,San Francisco Tetlanohcan,San Francisco Tetlanohcan,19.26008,-98.16355,11761,6119,5642,3195,7628,926,9.59,5437,1416,3462,4.28,3486
Tlaxcala,San Jerónimo Zacualpan,San Jerónimo Zacualpan,19.24171,-98.26262,4092,2152,1940,999,2679,408,10.53,1823,9,1265,3.94,851
Tlaxcala,San José Teacalco,San José Teacalco,19.3357,-98.06442,6436,3279,3157,1792,4095,549,8.62,2476,23,1752,4.6,2092
Tlaxcala,San Juan Huactzinco,San Juan Huactzinco,19.23795,-98.2503,7688,4011,3677,2005,5038,598,10.47,4137,83,2016,4.49,2969
Tlaxcala,San Lorenzo Axocomanitla,San Lorenzo Axocomanitla,19.22522,-98.24887,5689,2922,2767,1392,3790,507,9.99,2423,17,1604,4.27,1143
Tlaxcala,San Lucas Tecopilco,San Lucas Tecopilco,19.48499,-98.25654,3077,1536,1541,756,1996,313,9.22,1069,7,1025,3.91,571
Tlaxcala,San Pablo del Monte,Ciudad de San Pablo del Monte,19.11974,-98.17042,82688,41886,40802,24146,54519,3880,8.46,41028,9855,20708,4.51,30572
Tlaxcala,Sanctórum de Lázaro Cárdenas,Sanctórum,19.4927,-98.47204,9432,4849,4583,2651,6077,704,8.78,3737,21,2979,3.95,1493
Tlaxcala,Santa Ana Nopalucan,Santa Ana Nopalucan,19.29984,-98.33419,7952,4052,3900,2040,5305,592,10.16,3574,23,2237,4.21,2352
Tlaxcala,Santa Apolonia Teacalco,Santa Apolonia Teacalco,19.23717,-98.30867,4636,2392,2244,1152,3022,437,10.5,1856,7,1377,4.08,1769
Tlaxcala,Santa Catarina Ayometla,Santa Catarina Ayometla,19.19992,-98.21442,9463,4896,4567,2371,6289,803,9.4,3810,110,2631,4.26,2089
Tlaxcala,Santa Cruz Quilehtla,Santa Cruz Quilehtla,19.21318,-98.22202,7750,3921,3829,2251,5016,474,8.88,3574,184,2019,4.5,1855
Tlaxcala,Santa Cruz Tlaxcala,San Miguel Contla,19.36208,-98.13301,24116,12514,11602,6325,16116,1663,10.06,11739,682,9425,3.69,5983
Tlaxcala,Santa Isabel Xiloxoxtla,Santa Isabel Xiloxoxtla,19.26806,-98.21356,5443,2786,2657,1430,3660,341,9.6,2328,60,1566,4.39,1104
Tlaxcala,Tenancingo,Tenancingo,19.14776,-98.20253,12974,6664,6310,3456,8280,1120,8.34,4802,372,3580,4.46,3102
Tlaxcala,Teolocholco,Teolocholco,19.24439,-98.19235,25257,12881,12376,7118,16502,1611,9.67,11784,1127,7105,4.37,7857
Tlaxcala,Tepetitla de Lardizábal,Tepetitla,19.26753,-98.38201,22274,11575,10699,5852,14993,1424,9.98,10715,138,7197,3.91,7259
Tlaxcala,Tepeyanco,Tepeyanco,19.24557,-98.23604,13328,6970,6358,3408,8783,1079,10.29,6638,150,4074,4.1,3486
Tlaxcala,Terrenate,Terrenate,19.47744,-97.9191,15475,7791,7684,4760,9600,1105,7.87,6499,41,4655,4.09,2677
Tlaxcala,Tetla de la Solidaridad,Tetla,19.44142,-98.10405,35284,18031,17253,9409,23534,2260,9.65,16748,181,12723,3.71,7819
Tlaxcala,Tetlatlahuca,Tetlatlahuca,19.23164,-98.29573,13561,7040,6521,3384,8966,1211,9.97,6655,35,4029,4.03,4021
Tlaxcala,Tlaxcala,Ocotlán,19.3174,-98.22853,99896,52644,47252,21755,69712,8368,12.18,52928,1122,36702,3.45,26460
Tlaxcala,Tlaxco,Tlaxco,19.61489,-98.1192,45438,23361,22077,13363,28736,3326,8.33,21025,121,15301,3.83,11553
Tlaxcala,Tocatlán,Tocatlán,19.39045,-98.03193,6294,3175,3119,1728,4097,442,9.16,2711,16,1724,4.3,1503
Tlaxcala,Totolac,San Juan Totolac,19.32564,-98.25841,22529,11801,10728,5338,15136,1952,11.5,11425,297,7134,3.8,6074
Tlaxcala,Tzompantepec,San Andrés Ahuashuatepec,19.37996,-98.10553,18006,9270,8736,4607,12205,1151,10.21,9330,91,7222,3.54,4571
Tlaxcala,Xaloztoc,Xaloztoc,19.40418,-98.04882,25607,12861,12746,7254,16682,1645,9.42,11558,82,7214,4.27,6830
Tlaxcala,Xaltocan,San Simón Tlatlahuquitepec,19.39918,-98.22156,10601,5588,5013,2673,6822,1073,9.24,4602,22,3994,3.58,2992
Tlaxcala,Xicohtzinco,Xicohtzinco,19.17503,-98.23372,14197,7435,6762,3451,9487,1239,10.46,6464,100,4224,3.91,3547
Tlaxcala,Yauhquemehcan,Santa Úrsula Zimatepec,19.41979,-98.16412,42242,21854,20388,10336,29023,2769,10.87,21070,200,15421,3.5,9686
Tlaxcala,Zacatelco,Zacatelco,19.21615,-98.24023,45717,23777,21940,11662,30485,3497,10.19,22818,276,14048,4.02,11799
Tlaxcala,Ziltlaltépec de Trinidad Sánchez Santos,Zitlaltépec,19.20473,-97.90876,9207,4768,4439,2745,5588,861,7.65,3709,48,3144,4.12,2167
Veracruz,Acajete,Acajete,19.58697,-97.01045,9701,4781,4920,2675,6309,717,7.25,4559,9,3256,3.69,2010
Veracruz,Acatlán,Acatlán,19.69692,-96.84217,3441,1775,1666,964,2192,285,7.61,1347,12,1164,3.99,963
Veracruz,Acayucan,Acayucan,17.94882,-94.91387,80815,42298,38517,19818,53279,7706,8.61,40879,3458,29657,3.37,31403
Veracruz,Actopan,Actopan,19.50405,-96.61688,41742,21132,20610,8388,27624,5727,7.35,19843,76,17854,3.1,9093
Veracruz,Acula,Acula,18.50603,-95.77458,5253,2583,2670,1208,3337,708,6.95,2343,8,2032,3.08,719
Veracruz,Acultzingo,Acultzingo,18.71876,-97.30284,23100,11922,11178,6932,14559,1609,7.38,9541,3763,7284,3.85,8494
Veracruz,Agua Dulce,Agua Dulce,18.13827,-94.14724,44104,23040,21064,10200,29008,4892,9.39,19635,355,16762,3.21,8847
Veracruz,Alpatláhuac,Ayahualulco,19.10358,-97.13436,10338,5304,5034,3403,6086,849,6.35,4606,32,3191,4.11,3680
Veracruz,Alto Lucero de Gutiérrez Barrios,Alto Lucero,19.62352,-96.73362,28184,14178,14006,6083,18198,3898,6.84,12751,47,11864,3.19,4991
Veracruz,Altotonga,Altotonga,19.76615,-97.24553,64234,33707,30527,20297,39314,4623,7.05,33404,619,21708,3.84,17772
Veracruz,Alvarado,Alvarado,18.77428,-95.76393,57035,29097,27938,11487,38904,6637,9.72,28027,163,26243,3.02,9733
Veracruz,Amatitlán,El Corte,18.45696,-95.73482,7866,4018,3848,1611,5110,1145,6.96,3685,13,3349,2.88,1341
Veracruz,Amatlán de los Reyes,Amatlán de los Reyes,18.84758,-96.91548,46955,24181,22774,11106,31585,4259,8.5,21899,608,17602,3.45,15208
Veracruz,Angel R. Cabada,Ángel R. Cabada,18.59548,-95.44273,33839,17325,16514,7295,21976,4565,7.05,16471,122,13994,3.11,8773
Veracruz,Apazapan,Chahuapan,19.34767,-96.6861,4709,2346,2363,1046,3007,656,8.17,1937,4,1823,3.1,1063
Veracruz,Aquila,Aquila,18.79574,-97.30812,1978,1049,929,703,1124,151,5.35,669,38,631,4.07,455
Veracruz,Astacinga,Astacinga,18.56683,-97.10208,6909,3708,3201,2526,3962,421,5.35,1716,6027,2241,4.08,231
Veracruz,Atlahuilco,Atlahuilco,18.69743,-97.09069,11577,5983,5594,3678,7186,713,5.66,4007,10047,3284,3.9,1727
Veracruz,Atoyac,General Miguel Alemán (Potrero Nuevo),18.8914,-96.79685,23461,12110,11351,5642,15182,2637,8.2,11145,90,8705,3.31,5073
Veracruz,Atzacan,Atzacan,18.90697,-97.0839,22651,11526,11125,6492,14524,1635,7.38,10477,103,6731,4.02,7962
Veracruz,Atzalan,Plan de Arroyos,19.89442,-97.11026,49180,24801,24379,13831,30356,4992,6.33,24764,143,17622,3.49,10918
Veracruz,Ayahualulco,Los Altos,19.44645,-97.20192,27217,13979,13238,9904,15315,1998,4.72,10194,64,8092,4.24,3191
Veracruz,Banderilla,Banderilla,19.59161,-96.94088,25993,13772,12221,6139,17970,1878,10.2,12896,91,9351,3.41,7871
Veracruz,Benito Juárez,Benito Juárez,20.88656,-98.20544,16120,8332,7788,4257,9681,2182,6.78,6426,12282,5191,3.67,1331
Veracruz,Boca del Río,Veracruz,19.14285,-96.11596,144550,76565,67985,25379,99846,19091,11.4,75847,770,59184,3.02,37841
Veracruz,Calcahualco,Cruz Verde,19.13805,-97.10814,13701,6939,6762,4887,7934,880,5.52,4479,126,3930,4.43,2396
Veracruz,Camarón de Tejeda,Camarón de Tejeda,19.02117,-96.61498,6538,3343,3195,1573,4203,762,6.74,3011,4,2267,3.39,1704
Veracruz,Camerino Z. Mendoza,Ciudad Mendoza,18.80424,-97.18472,41835,22148,19687,9684,27407,4734,9.55,18592,7925,13763,3.56,11546
Veracruz,Carlos A. Carrillo,Carlos A. Carrillo,18.37173,-95.74476,23376,12286,11090,4840,15283,3245,8.04,9947,58,9319,2.98,3280
Veracruz,Carrillo Puerto,El Palmar,18.80385,-96.6719,18888,9551,9337,5253,12091,1544,5.97,8488,38,6083,3.74,6280
Veracruz,Castillo de Teayo,Castillo de Teayo,20.74973,-97.63275,20145,10209,9936,4969,12609,2567,7.7,8762,1554,6347,3.58,6392
Veracruz,Catemaco,Catemaco,18.42461,-95.11234,49451,25852,23599,13002,31649,4790,7.53,23196,220,17215,3.6,15808
Veracruz,Cazones de Herrera,Cazones de Herrera,20.70329,-97.31232,24421,12575,11846,6618,15135,2666,7.58,11320,2726,9247,3.47,6619
Veracruz,Cerro Azul,Cerro Azul,21.19147,-97.74232,25011,13413,11598,5469,15922,3607,10.1,11004,338,9950,3.2,6168
Veracruz,Chacaltianguis,Chacaltianguis,18.30534,-95.84139,11461,5887,5574,2429,7300,1732,7.22,5214,29,4869,2.87,1832
Veracruz,Chalma,Chalma,21.20839,-98.3976,13527,7006,6521,3492,8017,2018,7.31,5532,4812,4830,3.54,3967
Veracruz,Chiconamel,Chiconamel,21.23056,-98.45951,6610,3467,3143,1920,3774,916,6.45,2482,3279,2081,3.82,2099
Veracruz,Chiconquiaco,Chiconquiaco,19.7421,-96.81881,13881,6951,6930,4254,8537,1090,6.09,6592,27,4510,4.16,2884
Veracruz,Chicontepec,Chicontepec de Tejeda,20.97197,-98.17834,53858,27644,26214,12484,32536,8838,7.63,23346,32428,17301,3.54,9332
Veracruz,Chinameca,Chinameca,18.01778,-94.68306,22638,11708,10930,5604,15019,2015,7.87,9836,535,8379,3.19,7277
Veracruz,Chinampa de Gorostiza,Chinampa de Gorostiza,21.3596,-97.73534,16283,8356,7927,4272,10190,1787,7.56,6922,795,5365,3.49,5951
Veracruz,Chocamán,Chocamán,19.01087,-97.03324,20839,10561,10278,5879,13443,1517,7.05,9895,74,6227,4,7955
Veracruz,Chontla,Chontla,21.29343,-97.92493,13359,6833,6526,3198,7956,2205,6.73,6247,2939,4980,3.23,3566
Veracruz,Chumatlán,Chumatlán,20.20753,-97.59464,4008,2114,1894,1126,2460,422,6.99,1168,3363,1278,3.6,411
Veracruz,Citlaltépetl,Citlaltépec,21.32847,-97.87927,11165,5687,5478,3028,6481,1650,7.2,4774,1483,4184,3.33,5391
Veracruz,Coacoatzintla,Coacoatzintla,19.65311,-96.94514,11018,5689,5329,3291,7008,719,7.4,5283,20,3720,3.84,2713
Veracruz,Coahuitlán,Coahuitlán,20.2606,-97.72866,8176,4186,3990,2512,4969,695,6.02,2690,3886,2320,4.14,1189
Veracruz,Coatepec,Coatepec,19.45466,-96.96027,93911,48815,45096,20404,64138,9312,9.66,49108,265,34938,3.4,24605
Veracruz,Coatzacoalcos,Coatzacoalcos,18.13788,-94.453,310698,161559,149139,68080,214577,27371,10.34,156210,5904,132369,3.15,67211
Veracruz,Coatzintla,Coatzintla,20.48236,-97.46078,55016,28724,26292,13116,36854,5016,9.98,27048,3333,19211,3.4,13998
Veracruz,Coetzala,Coetzala,18.78564,-96.91669,2355,1199,1156,596,1545,214,7.18,880,774,729,3.67,246
Veracruz,Colipa,Colipa,19.924,-96.72673,5743,2899,2844,1473,3479,791,6.82,2450,9,2546,3.11,1040
Veracruz,Comapa,Boca del Monte,19.15412,-96.83484,19876,9901,9975,5397,12722,1757,5.74,8531,20,6568,3.71,5527
Veracruz,Cosamaloapan de Carpio,Cosamaloapan,18.36477,-95.79636,54737,28858,25879,11792,36115,6828,8.62,27837,2123,24166,2.97,13213
Veracruz,Cosautlán de Carvajal,Cosautlán de Carvajal,19.33264,-96.99136,16167,8187,7980,4211,10378,1578,6.42,8247,10,5446,3.63,2291
Veracruz,Coscomatepec,Coscomatepec de Bravo,19.0729,-97.04642,59471,30756,28715,19573,36282,3579,6.38,26476,122,17353,4.15,20150
Veracruz,Cosoleacaque,Minatitlán,18.01279,-94.5709,130903,68746,62157,30698,89816,10255,9.54,63681,5509,51398,3.22,36821
Veracruz,Cotaxtla,La Tinaja,18.76124,-96.46664,22050,11182,10868,5200,14655,2195,6.95,11050,77,8096,3.36,7291
Veracruz,Coxquihui,Coxquihui,20.18474,-97.58627,16333,8431,7902,4719,9761,1852,6.85,7336,10721,4511,4.04,4630
Veracruz,Coyutla,Coyutla,20.24712,-97.6577,23096,11955,11141,6646,14143,2307,6.54,10035,11343,7290,3.8,6933
Veracruz,Cuichapa,Cuichapa,18.77351,-96.86922,11869,6224,5645,3125,7590,1149,7.81,4793,184,4349,3.5,3016
Veracruz,Cuitláhuac,Cuitláhuac,18.81454,-96.72232,28075,14565,13510,7404,18020,2636,8.03,13214,182,10188,3.49,10378
Veracruz,Córdoba,Córdoba,18.89438,-96.93535,204721,108761,95960,47093,137810,19779,9.96,106704,3030,76962,3.3,67012
Veracruz,El Higo,El Higo,21.76873,-98.45372,19402,9767,9635,4818,12431,2153,8.66,7967,196,6575,3.47,4349
Veracruz,Emiliano Zapata,Jacarandas,19.49592,-96.85446,85489,44327,41162,19398,59144,6924,10.24,44622,399,36813,3.13,23827
Veracruz,Espinal,Entabladero,20.27596,-97.54886,26830,13809,13021,7249,16726,2845,7.5,12831,9118,8869,3.65,7489
Veracruz,Filomeno Mata,Filomeno Mata,20.20025,-97.70374,19179,9885,9294,7283,10863,1033,5.6,6027,16384,3917,5.27,2167
Veracruz,Fortín,Fortín de las Flores,18.90366,-96.99935,66372,35130,31242,15107,44902,6353,10.16,34289,555,24609,3.32,20343
Veracruz,Gutiérrez Zamora,Gutiérrez Zamora,20.45193,-97.08757,24085,12897,11188,5282,15308,3494,8.68,11803,603,9813,3.14,7264
Veracruz,Hidalgotitlán,Hidalgotitlán,17.77102,-94.64652,18275,9127,9148,5183,11312,1774,6.96,8302,379,6146,3.44,5878
Veracruz,Huatusco,Huatusco de Chicuellar,19.14697,-96.96735,59920,31310,28610,16003,39312,4601,8.21,31091,184,20404,3.72,26389
Veracruz,Huayacocotla,Huayacocotla,20.53728,-98.47915,21796,11329,10467,6398,13366,2032,7.27,9499,874,9109,3.54,6090
Veracruz,Hueyapan de Ocampo,Juan Díaz Covarrubias,18.15962,-95.18427,41670,21469,20201,10882,26225,4562,6.94,18576,9555,14907,3.29,11319
Veracruz,Huiloapan de Cuauhtémoc,Huiloapan de Cuauhtémoc,18.81658,-97.15592,7293,3836,3457,1762,4883,648,9.18,3281,182,2428,3.61,2088
Veracruz,Ignacio de la Llave,Ignacio de la Llave,18.72431,-95.98564,16525,8566,7959,3825,10207,2493,6.88,7787,79,7601,2.92,3970
Veracruz,Ilamatlán,Chahuatlán,20.78344,-98.39315,13377,7027,6350,4124,7741,1512,5.01,3624,10832,5289,3.6,2478
Veracruz,Isla,Isla,18.02751,-95.52763,42807,22092,20715,10820,27958,4027,7.34,21936,1141,16773,3.22,15966
Veracruz,Ixcatepec,Ixcatepec,21.23763,-98.00595,12379,6299,6080,2874,7563,1942,7.38,5496,5552,4187,3.31,2590
Veracruz,Ixhuacán de los Reyes,Ixhuacán de los Reyes,19.35595,-97.11528,11387,5770,5617,3253,7183,941,5.94,5313,53,3982,3.71,1516
Veracruz,Ixhuatlancillo,Unión y Progreso,18.87154,-97.11898,27295,14386,12909,6943,18571,1781,8.71,14032,6112,9603,3.48,8528
Veracruz,Ixhuatlán de Madero,San Francisco,20.55236,-98.00224,50836,26113,24723,12935,30973,6927,6.79,22394,31526,15888,3.61,7611
Veracruz,Ixhuatlán del Café,Ixhuatlán del Café,19.05116,-96.98432,23132,11672,11460,6640,14699,1793,7.09,11592,65,7079,3.88,7653
Veracruz,Ixhuatlán del Sureste,Ixhuatlán del Sureste,18.02275,-94.39373,15831,8063,7768,3991,10563,1272,8.26,6826,267,6011,3.31,2691
Veracruz,Ixmatlahuacan,Ixmatlahuacan,18.44857,-95.82988,5574,2862,2712,1191,3625,758,6.95,2475,10,2541,2.9,1376
Veracruz,Ixtaczoquitlán,Ixtaczoquitlán,18.85107,-97.06307,74004,38641,35363,18126,50009,5869,9.17,35083,4107,23984,3.55,16833
Veracruz,Jalacingo,Jalacingo,19.80597,-97.30868,46794,24150,22644,15294,28644,2843,6.62,21765,100,14007,4.02,12704
Veracruz,Jalcomulco,Jalcomulco,19.33169,-96.76182,5054,2517,2537,999,3383,672,6.63,2398,23,2210,3.1,804
Veracruz,Jamapa,Jamapa,19.04203,-96.24059,11132,5712,5420,2592,7305,1235,7.7,5278,13,4551,3.08,4340
Veracruz,Jesús Carranza,Jesús Carranza,17.43493,-95.02625,28524,14445,14079,8029,17614,2863,7,14807,1269,9959,3.48,9567
Veracruz,Jilotepec,Jilotepec,19.6113,-96.95028,16585,8570,8015,3911,11129,1545,8.44,7697,32,5859,3.58,5226
Veracruz,José Azueta,Villa Azueta,18.07563,-95.70797,22709,11573,11136,5637,14258,2814,6.79,10931,415,9500,3.11,5489
Veracruz,Juan Rodríguez Clara,Juan Rodríguez Clara,17.994,-95.40135,38367,19677,18690,9850,24324,4184,6.93,17649,1305,14169,3.27,17014
Veracruz,Juchique de Ferrer,Juchique de Ferrer,19.84116,-96.69473,15059,7581,7478,3739,9196,2124,6.73,7006,19,6527,3.21,2773
Veracruz,Jáltipan,Jáltipan de Morelos,17.96607,-94.72173,38669,20477,18192,8689,25539,4438,9,19533,543,14787,3.15,10919
Veracruz,La Antigua,José Cardel,19.36683,-96.37139,28682,14945,13737,6293,19451,2937,9.29,14401,102,12356,3.13,7789
Veracruz,La Perla,La Perla,18.92762,-97.13402,28258,14541,13717,10943,16124,1191,4.97,9552,83,7659,4.45,4905
Veracruz,Landero y Coss,Landero y Coss,19.73519,-96.85159,1543,787,756,355,941,247,6.8,593,20,751,3.63,185
Veracruz,Las Choapas,Las Choapas,17.90933,-94.09028,81080,41731,39349,24875,49423,6765,7.52,36438,3367,27043,3.61,25908
Veracruz,Las Minas,Rinconada,19.66792,-97.14615,2934,1481,1453,974,1749,211,6.12,962,6,903,4.08,830
Veracruz,Las Vigas de Ramírez,Las Vigas de Ramírez,19.63848,-97.10338,20300,10338,9962,6211,12828,1261,7.52,8368,20,6293,4,6413
Veracruz,Lerdo de Tejada,Lerdo de Tejada,18.6282,-95.52322,19123,10139,8984,3674,12561,2888,8.86,8649,39,8540,2.9,4573
Veracruz,Los Reyes,Los Reyes,18.67258,-97.04426,6308,3211,3097,1992,3936,380,6.61,2170,5120,1950,3.83,555
Veracruz,Magdalena,Magdalena,18.76059,-97.04547,3299,1708,1591,1063,2024,212,7.2,1268,2486,986,3.82,453
Veracruz,Maltrata,Maltrata,18.8104,-97.2783,18327,9549,8778,5489,11474,1364,7.52,7789,44,5583,4.07,7887
Veracruz,Manlio Fabio Altamirano,Manlio Fabio Altamirano,19.09443,-96.33323,23918,12181,11737,5265,15810,2843,7.33,11241,36,9290,3.13,8234
Veracruz,Mariano Escobedo,Palmira,18.88273,-97.10946,38670,20150,18520,11258,24942,2470,8.33,17229,221,12041,3.75,10285
Veracruz,Martínez de la Torre,Martínez de la Torre,20.07339,-97.05384,108842,56666,52176,27067,72280,9482,8.99,54344,844,41943,3.32,37555
Veracruz,Mecatlán,Mecatlán,20.21066,-97.68174,12799,6503,6296,4246,7638,915,5.75,3332,10623,3756,4.08,1509
Veracruz,Mecayapan,Mecayapan,18.22146,-94.83764,17134,8906,8228,4806,11044,1267,6.3,7232,10939,6512,3.43,2909
Veracruz,Medellín de Bravo,Fraccionamiento Puente Moreno,19.10299,-96.15701,95202,49517,45685,21144,67687,6281,9.87,51422,415,44118,2.86,29087
Veracruz,Miahuatlán,Miahuatlán,19.70746,-96.86986,4841,2435,2406,1458,3025,358,7.07,1675,5,1754,4.02,898
Veracruz,Minatitlán,Minatitlán,17.99098,-94.54844,144776,75987,68789,32465,96089,16199,9.64,69541,3996,57889,3.22,35999
Veracruz,Misantla,Misantla,19.92863,-96.85274,65761,33731,32030,15786,42610,7365,8.59,32321,206,25367,3.35,18376
Veracruz,Mixtla de Altamirano,Barrio Segundo,18.59534,-96.98753,12125,6143,5982,4129,7229,767,4.3,3845,10827,3960,3.79,1335
Veracruz,Moloacán,Cuichapa,17.939,-94.27969,16493,8540,7953,4313,10557,1623,8.05,6623,161,5765,3.32,3406
Veracruz,Nanchital de Lázaro Cárdenas del Río,Nanchital de Lázaro Cárdenas del Río,18.07214,-94.41118,29209,15322,13887,6604,19849,2756,10.17,12546,656,10543,3.25,3950
Veracruz,Naolinco,Naolinco de Victoria,19.65527,-96.87368,22835,11709,11126,5455,15208,2172,8.27,11296,61,9660,3.46,5803
Veracruz,Naranjal,Naranjal,18.81083,-96.96134,4614,2382,2232,1252,2918,422,7.48,1710,379,1459,3.77,1842
Veracruz,Naranjos Amatlán,Naranjos,21.3469,-97.68625,26843,14174,12669,5999,17264,3580,9.71,12400,721,10405,3.21,8793
Veracruz,Nautla,Nautla,20.20919,-96.77415,10130,5080,5050,2169,6449,1512,7.88,4643,36,4586,3,3674
Veracruz,Nogales,Nogales,18.82254,-97.16256,37314,19539,17775,9211,24287,3795,9.23,17070,1931,13117,3.48,11368
Veracruz,Oluta,Oluta,17.92819,-94.89694,17027,8849,8178,4324,11167,1534,8.36,8179,126,5831,3.36,6065
Veracruz,Omealca,Omealca,18.74731,-96.7862,23773,12353,11420,6145,15282,2346,7.32,10422,880,8174,3.54,6415
Veracruz,Orizaba,Orizaba,18.85096,-97.09891,123182,66442,56740,24396,82354,16407,11.35,60253,1883,44044,3.26,30152
Veracruz,Otatitlán,Otatitlán,18.17671,-96.03457,5651,2912,2739,1395,3538,717,7.88,2684,122,2336,3.1,1553
Veracruz,Oteapan,Oteapan,17.9995,-94.66659,10343,5430,4913,2614,6986,741,8.01,4966,595,3467,3.4,2881
Veracruz,Ozuluama de Mascareñas,Ozuluama de Mascareñas,21.66126,-97.85051,22756,11144,11612,5273,14403,3080,7.19,11370,269,9091,3.17,5962
Veracruz,Pajapan,Pajapan,18.26174,-94.69178,18051,9171,8880,4842,11761,1442,5.85,8990,11456,6695,3.24,3627
Veracruz,Papantla,Papantla de Olarte,20.44673,-97.32275,159910,82732,77178,38438,103367,18097,8.32,80886,30489,53836,3.51,46932
Veracruz,Paso de Ovejas,Paso de Ovejas,19.28505,-96.43845,33442,16911,16531,7242,22144,4041,7.93,15246,94,13295,3.15,8663
Veracruz,Paso del Macho,Paso del Macho,18.97215,-96.72451,31894,16277,15617,8170,20972,2752,7.25,14637,81,11328,3.49,9069
Veracruz,Perote,Perote,19.56065,-97.24407,77432,39137,38295,22815,49840,4775,8.39,34314,188,24493,3.97,28014
Veracruz,Platón Sánchez,Platón Sánchez,21.2732,-98.37415,18053,9366,8687,4808,10662,2583,7.25,7478,4935,6063,3.48,3433
Veracruz,Playa Vicente,Playa Vicente,17.83213,-95.81206,39327,20483,18844,10739,24073,4512,6.72,18772,9109,15633,3.39,15580
Veracruz,Poza Rica de Hidalgo,Poza Rica de Hidalgo,20.53409,-97.44357,189457,101253,88204,39707,126666,22967,10.84,91026,3425,70940,3.32,50983
Veracruz,Pueblo Viejo,Benito Juárez,22.20423,-97.84081,57909,29153,28756,14700,38296,4907,8.81,27928,884,19341,3.5,17468
Veracruz,Puente Nacional,Cabezas,19.37167,-96.38278,23544,12051,11493,5286,15650,2608,8.13,10949,86,9493,3.11,6101
Veracruz,Pánuco,Pánuco,22.05361,-98.18131,96185,48966,47219,24290,61984,9889,8.57,44791,1231,34667,3.38,22411
Veracruz,Rafael Delgado,Rafael Delgado,18.81052,-97.07344,24127,12323,11804,6627,16117,1383,8.18,11454,9625,7023,4.01,8366
Veracruz,Rafael Lucio,Rafael Lucio,19.59311,-96.98956,8343,4319,4024,2281,5528,534,8.38,3943,15,2682,3.95,2807
Veracruz,Río Blanco,Río Blanco,18.83886,-97.13953,41795,22483,19312,8879,27837,5075,10.64,19546,543,14216,3.39,11914
Veracruz,Saltabarranca,Saltabarranca,18.59024,-95.53188,6126,3174,2952,1317,3936,873,7.19,2456,4,2415,2.98,1636
Veracruz,San Andrés Tenejapan,San Andrés Tenejapan,18.7887,-97.09323,3134,1614,1520,910,2052,172,6.62,1341,2179,832,4.22,473
Veracruz,San Andrés Tuxtla,San Andrés Tuxtla,18.44867,-95.21257,162428,85442,76986,41695,105160,15557,7.23,72293,540,55560,3.61,59388
Veracruz,San Juan Evangelista,San Juan Evangelista,17.88605,-95.14008,32631,16633,15998,8322,20707,3585,6.73,14755,232,11761,3.43,11723
Veracruz,San Rafael,San Rafael,20.18803,-96.87095,30351,15454,14897,6666,20143,3542,8.3,15362,253,11563,3.23,9263
Veracruz,Santiago Sochiapan,Xochiapa,17.66373,-95.7346,13062,6747,6315,3916,7826,1320,5.65,5798,5145,4511,3.63,5077
Veracruz,Santiago Tuxtla,Santiago Tuxtla,18.46564,-95.30175,57085,29981,27104,13558,36622,6901,6.63,25048,147,20478,3.41,20475
Veracruz,Sayula de Alemán,Sayula de Alemán,17.88097,-94.96011,32400,16771,15629,8979,20387,3034,7.42,15151,5003,10488,3.62,14834
Veracruz,Sochiapa,Sochiapa,19.1933,-96.94065,3925,1969,1956,1157,2502,266,6.8,1736,12,1172,4.17,1281
Veracruz,Soconusco,Soconusco,17.96288,-94.88105,16574,8648,7926,4085,11227,1255,8.81,8501,236,5970,3.31,6215
Veracruz,Soledad Atzompa,Atzompa,18.72525,-97.18408,24578,12577,12001,8303,14992,1283,5.31,6756,21859,6352,4.39,3460
Veracruz,Soledad de Doblado,Soledad de Doblado,19.04475,-96.42329,28130,14258,13872,6571,18382,3177,7.2,13238,36,10573,3.31,9479
Veracruz,Soteapan,Soteapan,18.22951,-94.87276,34385,17854,16531,11138,21172,2062,5.62,13349,25848,11175,3.66,7341
Veracruz,Tamalín,Tamalín,21.33794,-97.81323,11631,5810,5821,2735,7488,1396,7.51,5590,821,4145,3.3,3527
Veracruz,Tamiahua,Tamiahua,21.27974,-97.44652,21902,10910,10992,4365,13843,3693,7.26,10320,286,9368,2.95,5750
Veracruz,Tampico Alto,Tampico Alto,22.11305,-97.80163,11561,5634,5927,2521,7275,1765,7.37,4867,110,5085,3.03,4190
Veracruz,Tancoco,Tancoco,21.28638,-97.79142,5795,3010,2785,1344,3563,888,7.47,2452,414,2292,3.16,1372
Veracruz,Tantima,Tantima,21.32964,-97.83329,11991,5916,6075,2620,7329,2042,6.66,5064,741,4383,3.25,4204
Veracruz,Tantoyuca,Tantoyuca,21.35181,-98.22992,99959,51826,48133,28878,60084,10996,7.94,50240,41451,31722,3.65,22646
Veracruz,Tatahuicapan de Juárez,Tatahuicapan,18.24645,-94.76024,15044,7861,7183,4272,9694,1078,6.37,6679,8593,5156,3.45,2505
Veracruz,Tatatila,Tatatila,19.69346,-97.11214,6041,2950,3091,1951,3662,428,6.23,2210,8,1993,4.1,1174
Veracruz,Tecolutla,Tecolutla,20.47739,-97.00845,24551,12449,12102,5722,15796,3033,7.61,12270,854,11333,3.24,6634
Veracruz,Tehuipango,Tehuipango,18.51776,-97.05613,29686,15461,14225,10926,17505,1255,5.04,8096,26712,6694,5.2,1657
Veracruz,Tempoal,Tempoal de Sánchez,21.52228,-98.38813,34408,17542,16866,8819,20791,4747,7.13,15974,2448,11863,3.42,5278
Veracruz,Tenampa,Tenampa,19.24855,-96.88485,6448,3223,3225,1636,4224,588,6.08,2972,28,2082,3.78,1781
Veracruz,Tenochtitlán,Tenochtitlán,19.81013,-96.91637,5040,2558,2482,1474,3068,498,6.56,1869,10,1672,3.88,600
Veracruz,Teocelo,Teocelo,19.38625,-96.97218,16957,8740,8217,4018,11086,1853,8.37,8898,31,5983,3.46,2520
Veracruz,Tepatlaxco,San José Tenejapa,19.01456,-96.8415,8925,4395,4530,2480,5672,773,6.58,4610,13,2807,3.76,2236
Veracruz,Tepetlán,Alto Tío Diego,19.62377,-96.75745,9405,4598,4807,2160,6228,993,5.93,3927,6,3698,3.36,1536
Veracruz,Tepetzintla,Tepetzintla,21.16611,-97.85106,14619,7423,7196,3854,8937,1828,7.76,6432,1428,4916,3.47,5315
Veracruz,Tequila,Tequila,18.72981,-97.06942,16343,8277,8066,5180,10128,1035,6.33,6064,12930,4641,3.97,2640
Veracruz,Texcatepec,Ayotuxtla,20.64912,-98.30223,10824,5550,5274,3675,6321,828,5.04,2405,7392,3640,3.8,1754
Veracruz,Texhuacán,Texhuacán,18.62064,-97.03873,5575,2931,2644,1657,3478,440,6.71,2137,3463,1816,3.82,1615
Veracruz,Texistepec,Texistepec,17.89421,-94.81521,19925,10124,9801,5216,12590,2119,7.16,9258,468,6817,3.46,7728
Veracruz,Tezonapa,Tezonapa,18.60681,-96.68753,54537,27726,26811,15255,33925,5357,6.8,26535,10539,17868,3.53,11901
Veracruz,Tierra Blanca,Tierra Blanca,18.44745,-96.36031,95602,49843,45759,22402,62547,10647,8.36,46579,2153,39168,3.1,31157
Veracruz,Tihuatlán,Tihuatlán,20.71667,-97.53794,92726,48069,44657,23488,59784,9433,8.47,44890,2336,30625,3.54,30615
Veracruz,Tlachichilco,Tlachichilco,20.62157,-98.19905,10900,5593,5307,3107,6469,1324,5.8,3149,4872,3559,3.57,1807
Veracruz,Tlacojalpan,Tlacojalpan,18.23089,-95.94763,4489,2270,2219,1116,2863,510,7.24,2049,75,1948,3.05,977
Veracruz,Tlacolulan,Tlacolulan,19.66486,-97.00137,11685,5934,5751,3855,7145,685,7,4952,8,3508,4.14,2309
Veracruz,Tlacotalpan,Tlacotalpan,18.61327,-95.65631,12898,6675,6223,2472,8489,1937,7.86,6572,21,5837,2.92,2098
Veracruz,Tlacotepec de Mejía,Tlacotepec de Mejía,19.19213,-96.83651,4284,2154,2130,1128,2747,409,7.23,1911,30,1689,3.52,1730
Veracruz,Tlalixcoyan,Piedras Negras,18.76964,-96.17255,37795,19415,18380,8533,24292,4970,7.34,18828,134,15889,3.01,11763
Veracruz,Tlalnelhuayocan,Guadalupe Victoria,19.55416,-96.96115,19664,10079,9585,5200,13199,1158,8.42,9824,36,5782,3.94,6602
Veracruz,Tlaltetela,Tlaltetela,19.31466,-96.90259,16485,8167,8318,4654,10580,1251,6.29,7473,44,5023,3.86,3811
Veracruz,Tlapacoyan,Tlapacoyan,19.96265,-97.21253,61377,31779,29598,16028,40086,5262,7.79,29643,473,21688,3.5,19965
Veracruz,Tlaquilpa,Tlaquilpa,18.61227,-97.11888,7933,4222,3711,2549,4879,505,5.67,2292,6831,2251,4.18,656
Veracruz,Tlilapan,Tlilapan,18.80575,-97.09906,5548,2855,2693,1618,3596,334,7.96,2297,1668,1651,4.08,1007
Veracruz,Tomatlán,Tomatlán,19.03154,-97.01026,7197,3659,3538,1740,4728,729,8.34,3472,17,2471,3.44,2456
Veracruz,Tonayán,Tonayán,19.68289,-96.92151,6105,3149,2956,1979,3724,402,6.46,2107,7,1738,4.38,569
Veracruz,Totutla,Totutla,19.21129,-96.96129,17217,8692,8525,4323,11302,1589,6.68,8401,21,5416,3.74,5279
Veracruz,Tres Valles,Tres Valles,18.24092,-96.1348,44978,23279,21699,11165,29059,4754,7.88,21276,4093,18864,3.17,15391
Veracruz,Tuxpan,Túxpam de Rodríguez Cano,20.9643,-97.40393,154600,80405,74195,35140,103217,16213,9.87,74959,2035,59430,3.31,42044
Veracruz,Tuxtilla,Tuxtilla,18.23896,-95.89475,2258,1144,1114,481,1360,417,7.53,684,3,1036,2.74,143
Veracruz,Ursulo Galván,Zempoala,19.44257,-96.40876,30097,15629,14468,6093,20113,3883,9.07,14326,57,13126,3.03,4582
Veracruz,Uxpanapa,Poblado 10,17.27602,-94.45133,30891,15451,15440,10035,18547,2307,6.73,12928,9753,9403,3.98,6792
Veracruz,Vega de Alatorre,Vega de Alatorre,20.02747,-96.64977,20204,10432,9772,4602,13011,2591,7.9,9700,43,8479,3.09,6741
Veracruz,Veracruz,Veracruz,19.19032,-96.15303,607209,319545,287664,120336,426992,59050,10.6,319865,4141,280373,3,170452
Veracruz,Villa Aldama,Villa Aldama,19.64889,-97.22303,12492,6379,6113,4263,7586,643,7.09,5013,15,3710,4.25,3771
Veracruz,Xalapa,Xalapa-Enríquez,19.52708,-96.92264,488531,261710,226821,100456,339509,48285,11.27,253837,2673,195268,3.23,135605
Veracruz,Xico,Xico,19.42127,-97.00723,39623,20370,19253,10212,26057,3320,7.77,19355,111,12157,3.87,12162
Veracruz,Xoxocotla,Xoxocotla,18.64781,-97.1519,5900,2939,2961,1845,3661,394,6.25,1748,1949,1716,3.93,238
Veracruz,Yanga,Yanga,18.83384,-96.7985,17902,9477,8425,4150,11562,2190,8.03,8373,102,7240,3.24,5327
Veracruz,Yecuatla,Yecuatla,19.86619,-96.77623,11205,5662,5543,2836,6755,1614,6.65,5043,155,4249,3.38,2250
Veracruz,Zacualpan,Zacualpan,20.43371,-98.3487,6788,3550,3238,1928,4004,856,5.93,2776,106,2771,3.4,1704
Veracruz,Zaragoza,Zaragoza,17.95575,-94.64241,11899,6262,5637,3334,7863,702,7.65,5084,3822,3383,3.76,3612
Veracruz,Zentla,Ejido la Piña (Maromilla),19.02901,-96.78331,12581,6293,6288,2893,8370,1318,7.03,5740,20,4462,3.61,5052
Veracruz,Zongolica,Zongolica,18.66689,-96.99836,45028,23263,21765,12962,28253,3753,6.75,23247,28016,14300,3.66,9005
Veracruz,Zontecomatlán de López y Fuentes,Tetzacual,20.77359,-98.2676,14644,7490,7154,4852,8486,1306,5.59,3694,10755,4602,3.67,1313
Veracruz,Zozocolco de Hidalgo,Zozocolco de Hidalgo,20.14085,-97.57551,14524,7504,7020,4231,8633,1660,6.42,4796,10032,4307,4.03,3896
Veracruz,Álamo Temapache,Álamo,20.91714,-97.67553,107270,54522,52748,26853,68479,11884,8.17,49833,6175,35222,3.57,36411
Yucatán,Abalá,Uayalceh,20.69556,-89.59412,6550,3247,3303,1672,4286,592,6.77,2809,3484,2208,3.59,1193
Yucatán,Acanceh,Acanceh,20.81242,-89.45355,16772,8393,8379,3988,11551,1231,8.33,8524,4442,4914,3.94,3208
Yucatán,Akil,Akil,20.26705,-89.34683,12285,6185,6100,3610,7885,790,7.39,6204,5875,3874,3.75,2585
Yucatán,Baca,Baca,21.10955,-89.39938,6195,3152,3043,1372,4117,706,8.74,3035,782,2213,3.53,1195
Yucatán,Bokobá,Bokobá,21.00694,-89.17952,2167,1078,1089,474,1462,231,7.55,979,695,837,3.42,157
Yucatán,Buctzotz,Buctzotz,21.2019,-88.79446,9159,4525,4634,2332,5883,944,7.23,4233,1784,3733,3.41,1350
Yucatán,Cacalchén,Cacalchén,20.9831,-89.22818,7490,3721,3769,1777,5025,662,7.87,3367,1391,2502,3.65,1797
Yucatán,Calotmul,Calotmul,21.01929,-88.17705,3949,1962,1987,1004,2416,528,6.82,1550,1814,1613,3.41,648
Yucatán,Cansahcab,Cansahcab,21.1581,-89.10234,4466,2278,2188,950,2898,616,8.27,1950,739,1853,3.4,815
Yucatán,Cantamayec,Cantamayec,20.47056,-89.08094,2755,1332,1423,898,1622,235,6.44,1014,2001,960,3.69,275
Yucatán,Celestún,Celestún,20.86009,-90.39946,8389,4154,4235,2337,5510,526,7.07,3005,384,3101,3.54,2502
Yucatán,Cenotillo,Cenotillo,20.96577,-88.60442,3736,1880,1856,966,2199,571,7.03,1394,1116,2143,3.14,459
Yucatán,Chacsinkín,Chacsinkín,20.1726,-89.01641,3104,1516,1588,909,1979,216,6.65,947,2581,900,4.28,53
Yucatán,Chankom,Ticimul,20.59697,-88.55259,4686,2327,2359,1344,2917,425,6.77,1847,3552,1770,3.77,401
Yucatán,Chapab,Chapab,20.45875,-89.45655,3385,1687,1698,857,2146,382,7.86,1308,1958,1220,3.45,414
Yucatán,Chemax,Chemax,20.65502,-87.93733,38934,19359,19575,13122,23621,2191,6.51,17015,29911,10282,4.57,6732
Yucatán,Chichimilá,Chichimilá,20.63127,-88.2174,9406,4631,4775,3059,5692,655,7.65,3763,7220,2675,4.57,2137
Yucatán,Chicxulub Pueblo,Chicxulub Pueblo,21.13729,-89.51508,4497,2218,2279,1042,3042,413,9.2,1960,305,1724,3.43,1509
Yucatán,Chikindzonot,Chikindzonot,20.33366,-88.48649,4363,2171,2192,1369,2671,323,6.82,1725,3831,1329,4.27,105
Yucatán,Chocholá,Chocholá,20.75023,-89.8307,4863,2373,2490,1132,3228,503,8.66,2394,1121,1878,3.34,886
Yucatán,Chumayel,Chumayel,20.42953,-89.30252,3244,1647,1597,824,2068,352,6.56,1422,2475,1228,3.63,274
Yucatán,Conkal,Conkal,21.07389,-89.52128,16671,8501,8170,3803,11548,1319,11.24,8579,1474,6507,3.34,3938
Yucatán,Cuncunul,Cuncunul,20.64116,-88.29663,1714,829,885,454,1098,162,7.9,640,1126,582,3.89,249
Yucatán,Cuzamá,Cuzamá,20.74148,-89.31696,5560,2739,2821,1379,3738,443,7.27,2683,2606,1791,3.67,1119
Yucatán,Dzemul,Dzemul,21.2115,-89.30881,3622,1825,1797,755,2398,469,8.33,1534,679,1842,3.32,656
Yucatán,Dzidzantún,Dzidzantún,21.24668,-89.04297,8345,4134,4211,1750,5476,1083,9.41,3792,439,3475,3.34,1545
Yucatán,Dzilam González,Dzilam González,21.28012,-88.92974,6240,3067,3173,1368,4079,780,7.9,2692,619,2584,3.25,2041
Yucatán,Dzilam de Bravo,Dzilam de Bravo,21.39323,-88.89188,2936,1462,1474,743,1918,275,8.57,1078,103,1244,3.33,653
Yucatán,Dzitás,Dzitás,20.83987,-88.52782,4015,1959,2056,1119,2490,406,6.74,1748,1778,1468,3.72,428
Yucatán,Dzoncauich,Dzoncauich,21.12916,-88.89093,2818,1396,1422,661,1758,399,6.89,966,1286,1161,3.56,193
Yucatán,Dzán,Dzan,20.38776,-89.46887,6003,3064,2939,1771,3759,473,7.94,2487,3466,1844,4.07,663
Yucatán,Espita,Espita,21.01105,-88.30682,16779,8267,8512,4731,10621,1388,7.03,9185,8219,5561,3.96,2866
Yucatán,Halachó,Halachó,20.47775,-90.08223,21255,10582,10673,5546,13855,1844,7.63,10365,10437,6985,3.68,5092
Yucatán,Hocabá,Hocabá,20.81624,-89.2451,6514,3265,3249,1680,4182,652,7.26,3044,3051,2225,3.86,1133
Yucatán,Hoctún,Hoctún,20.86521,-89.20207,6384,3210,3174,1521,4183,679,6.94,2852,2394,2367,3.48,1383
Yucatán,Homún,Homún,20.73952,-89.28575,8090,4021,4069,2025,5401,664,7.38,3767,3473,2755,3.63,2232
Yucatán,Huhí,Huhí,20.72499,-89.1622,5250,2552,2698,1251,3463,507,6.95,2613,1749,2070,3.33,830
Yucatán,Hunucmá,Hunucmá,21.01615,-89.87705,35137,17680,17457,9338,23315,2468,8.18,17975,6162,11953,3.93,8032
Yucatán,Ixil,Ixil,21.153,-89.48121,4186,2086,2100,976,2851,359,8.41,2039,401,1359,3.72,1253
Yucatán,Izamal,Izamal,20.933,-89.01971,28555,14355,14200,7303,18400,2807,8.05,13889,8228,10279,3.61,5578
Yucatán,Kanasín,Kanasín,20.93464,-89.55806,141939,71527,70412,38308,97493,5906,9.13,73586,16481,52140,3.54,37361
Yucatán,Kantunil,Kantunil,20.79644,-89.03652,5553,2823,2730,1553,3398,602,7.03,2536,1961,2177,3.56,1660
Yucatán,Kaua,Kaua,20.62009,-88.41462,3405,1681,1724,1022,2155,228,7.28,1189,2271,1063,4.03,612
Yucatán,Kinchil,Kinchil,20.91646,-89.94758,7530,3738,3792,2034,4908,588,7.45,3558,1821,2402,3.74,1111
Yucatán,Kopomá,Kopomá,20.64897,-89.89953,2677,1290,1387,629,1765,283,8.13,1171,944,973,3.4,673
Yucatán,Mama,Mama,20.4774,-89.36558,3296,1681,1615,892,2093,311,6.81,1375,1933,1152,3.81,708
Yucatán,Maní,Maní,20.3877,-89.39297,5968,3024,2944,1550,3884,534,7.22,2821,3998,2063,3.84,556
Yucatán,Maxcanú,Maxcanú,20.58506,-90.00064,23991,11883,12108,6077,15962,1928,7.84,11260,8361,7366,3.77,4614
Yucatán,Mayapán,Mayapán,20.46874,-89.21517,3965,1896,2069,1336,2385,217,6.13,1640,3426,1188,4.2,923
Yucatán,Mocochá,Mocochá,21.10568,-89.45206,3430,1673,1757,721,2347,362,8.32,1457,340,1195,3.42,636
Yucatán,Motul,Motul de Carrillo Puerto,21.09555,-89.28392,37804,19127,18677,9227,24933,3559,8.41,18631,7630,12883,3.73,9768
Yucatán,Muna,Muna,20.48395,-89.71338,13494,6747,6747,3236,8964,1294,8.21,6529,4544,4481,3.96,4088
Yucatán,Muxupip,Muxupip,21.04282,-89.32989,2990,1531,1459,676,1990,305,7.97,1275,965,1076,3.45,315
Yucatán,Mérida,Mérida,20.96754,-89.62439,995129,515760,479369,199593,696445,96559,11.4,527424,71040,371987,3.27,220546
Yucatán,Opichén,Opichén,20.55065,-89.85624,7080,3503,3577,1814,4705,561,7.35,3588,4350,2485,3.7,1824
Yucatán,Oxkutzcab,Oxkutzcab,20.30193,-89.41875,33854,17544,16310,10019,21275,2508,7.37,16356,17078,11463,3.95,8727
Yucatán,Panabá,Panabá,21.29686,-88.27118,7766,3930,3836,1923,4976,867,7.41,3574,1606,2995,3.51,750
Yucatán,Peto,Peto,20.12592,-88.92399,25954,13067,12887,7909,15720,2314,7.67,11744,12526,8621,4.05,3522
Yucatán,Progreso,Progreso,21.28258,-89.6636,66008,33029,32979,15478,44480,5933,9.33,33636,2617,28542,3.56,20214
Yucatán,Quintana Roo,Quintana Roo,20.86719,-88.63175,976,496,480,253,594,127,7.43,422,291,440,3.2,134
Yucatán,Río Lagartos,Río Lagartos,21.59775,-88.15798,3974,1941,2033,957,2658,343,7.82,1672,391,1495,3.61,591
Yucatán,Sacalum,Sacalum,20.49583,-89.59117,4962,2402,2560,1330,3214,418,7.42,2039,2408,1737,3.57,1195
Yucatán,Samahil,Samahil,20.88342,-89.88882,5631,2796,2835,1411,3776,418,7.99,2516,1733,1667,3.89,413
Yucatán,San Felipe,San Felipe,21.5676,-88.23206,2118,1029,1089,504,1413,201,8.15,852,131,892,3.35,219
Yucatán,Sanahcat,Sanahcat,20.77126,-89.21476,1701,843,858,457,1037,207,7.79,650,723,689,3.51,105
Yucatán,Santa Elena,Santa Elena,20.3289,-89.64326,4220,2118,2102,1138,2740,342,7.37,1723,2901,1468,3.75,452
Yucatán,Seyé,Seyé,20.83699,-89.37225,10053,4924,5129,2391,6782,880,7.48,4944,1876,3314,3.73,2900
Yucatán,Sinanché,Sinanché,21.22559,-89.18578,3206,1558,1648,679,2075,452,7.98,1286,598,1649,3.23,387
Yucatán,Sotuta,Sotuta,20.59502,-89.00671,8967,4385,4582,2475,5611,881,6.84,4076,3843,3271,3.74,2192
Yucatán,Sucilá,Sucilá,21.15617,-88.31394,3971,1990,1981,972,2502,495,8.3,1764,1554,1588,3.37,590
Yucatán,Sudzal,Sudzal,20.8721,-88.98879,1949,950,999,581,1183,185,7.25,871,938,771,3.37,247
Yucatán,Suma,Suma,21.08649,-89.14828,1857,894,963,393,1164,300,8.21,824,525,756,3.25,410
Yucatán,Tahdziú,Tahdziú,20.20382,-88.9449,5854,2845,3009,2287,3309,232,6.56,2133,5151,1574,4.57,367
Yucatán,Tahmek,Tahmek,20.87553,-89.25579,3774,1865,1909,793,2475,506,7.94,1625,1789,1385,3.47,425
Yucatán,Teabo,Teabo,20.40041,-89.28492,6921,3475,3446,2011,4325,585,6.89,3351,4538,2065,4.13,1050
Yucatán,Tecoh,Tecoh,20.74173,-89.4743,17939,8898,9041,4480,11923,1536,7.03,9031,7490,5580,3.8,3809
Yucatán,Tekal de Venegas,Tekal de Venegas,21.01407,-88.94701,2683,1312,1371,660,1725,298,6.85,1043,1056,1043,3.46,414
Yucatán,Tekantó,Tekantó,21.01165,-89.10608,3747,1863,1884,873,2370,504,7.56,1506,1044,1535,3.46,584
Yucatán,Tekax,Tekax de Álvaro Obregón,20.20346,-89.28839,45062,22934,22128,12423,29132,3451,7.97,21310,22086,14276,3.89,5917
Yucatán,Tekit,Tekit,20.53349,-89.33309,11020,5434,5586,2836,7368,816,6.43,5577,4474,3245,3.94,2501
Yucatán,Tekom,Tekom,20.60222,-88.26444,3355,1690,1665,995,2025,335,7.22,1181,2505,1195,4.19,466
Yucatán,Telchac Pueblo,Telchac,21.20335,-89.27127,3512,1801,1711,712,2258,542,8.88,1543,349,1705,3.13,1265
Yucatán,Telchac Puerto,Telchac Puerto,21.343,-89.26422,1915,962,953,457,1257,201,8.03,910,183,2111,3.37,624
Yucatán,Temax,Temax,21.15184,-88.93863,7037,3494,3543,1752,4441,825,7.3,3013,1430,2492,3.75,1137
Yucatán,Temozón,Temozón,20.80368,-88.20116,16680,8260,8420,4751,10648,1281,7.01,8336,11655,5401,3.91,2849
Yucatán,Tepakán,Tepakán,21.04938,-89.03945,2133,1065,1068,515,1325,277,6.94,762,1159,994,3.13,167
Yucatán,Tetiz,Tetiz,20.96191,-89.93345,5464,2680,2784,1523,3504,437,6.44,2590,1616,1901,3.68,981
Yucatán,Teya,Teya,21.04854,-89.07371,1917,962,955,520,1144,253,7.25,612,865,855,3.36,92
Yucatán,Ticul,Ticul,20.39834,-89.53445,40495,20558,19937,10296,26699,3421,8.95,19964,12658,12298,4.01,8592
Yucatán,Timucuy,Timucuy,20.81051,-89.5135,7503,3715,3788,1840,5113,550,6.7,3562,5410,2078,4.15,1860
Yucatán,Tinum,Pisté,20.6986,-88.58824,12700,6315,6385,3522,8186,957,7.61,5518,6816,4224,3.93,3722
Yucatán,Tixcacalcupul,Tixcacalcupul,20.53709,-88.27027,7888,3949,3939,2525,4827,530,7.07,3564,6409,2367,4.06,1107
Yucatán,Tixkokob,Tixkokob,21.00248,-89.39505,18420,9383,9037,3975,12646,1755,9.17,9469,1971,6099,3.59,4120
Yucatán,Tixmehuac,Tixmehuac,20.23572,-89.109,5444,2726,2718,1647,3406,391,7.02,1822,4283,1814,3.82,448
Yucatán,Tixpéhual,Tixpéhual,20.97817,-89.4419,5690,2874,2816,1174,3941,575,8.92,2816,1220,1841,3.7,1045
Yucatán,Tizimín,Tizimín,21.14352,-88.15227,80672,40618,40054,22212,51585,6832,7.88,38098,26185,28688,3.79,18208
Yucatán,Tunkás,Tunkás,20.90235,-88.75228,3684,1795,1889,1000,2228,456,7.16,1554,1612,1665,3.37,601
Yucatán,Tzucacab,Tzucacab,20.07193,-89.05033,15346,7677,7669,4547,9588,1211,7.48,7451,6750,5150,3.83,2178
Yucatán,Uayma,Uayma,20.71779,-88.31714,4191,2100,2091,1186,2673,332,6.7,1804,3155,1229,4.16,945
Yucatán,Ucú,Ucú,21.03173,-89.74644,4049,2034,2015,970,2732,347,8.01,2016,752,1439,3.55,1115
Yucatán,Umán,Umán,20.88189,-89.74828,69147,34725,34422,17571,47494,4060,9.11,36247,10541,25114,3.57,13476
Yucatán,Valladolid,Valladolid,20.68973,-88.20098,85460,43535,41925,23134,56067,6191,8.88,41437,40685,30221,3.86,23555
Yucatán,Xocchel,Xocchel,20.83349,-89.18372,3451,1701,1750,935,2205,311,7.32,1313,1562,1176,3.83,1082
Yucatán,Yaxcabá,Yaxcabá,20.54913,-88.82721,16350,7994,8356,5097,9924,1329,6.8,7328,10082,5280,3.89,2451
Yucatán,Yaxkukul,Yaxkukul,21.06348,-89.41924,3293,1665,1628,746,2258,269,9.22,1462,296,1084,3.63,686
Yucatán,Yobaín,Yobaín,21.23347,-89.1165,2215,1105,1110,530,1396,289,8.5,974,360,1212,3.24,247
Zacatecas,Apozol,Apozol,21.47088,-103.09119,6260,3219,3041,1638,3754,868,7.5,2495,18,2943,3.45,792
Zacatecas,Apulco,Tenayuca,21.50208,-102.65771,4942,2603,2339,1482,2846,614,7.29,1742,5,2091,3.67,802
Zacatecas,Atolinga,Atolinga,21.80695,-103.46558,2277,1146,1131,530,1313,434,7.46,768,2,1829,2.97,414
Zacatecas,Benito Juárez,Florencia,21.50448,-103.55595,4493,2251,2242,1320,2622,543,7.78,1507,19,2193,3.51,1521
Zacatecas,Calera,Víctor Rosales,22.94904,-102.70226,45759,23180,22579,14244,28892,2566,8.93,20329,191,14446,3.81,8165
Zacatecas,Cañitas de Felipe Pescador,Cañitas de Felipe Pescador,23.60698,-102.72659,8255,4228,4027,2342,4967,896,8.63,3367,4,3041,3.71,2033
Zacatecas,Chalchihuites,Chalchihuites,23.47735,-103.88405,10086,5194,4892,2780,5935,1371,8.26,3322,1,4188,3.77,4405
Zacatecas,Concepción del Oro,Concepción del Oro,24.61317,-101.42048,12115,6050,6065,3152,7591,1372,9.13,4964,13,4347,3.71,1821
Zacatecas,Cuauhtémoc,San Pedro Piedra Gorda,22.44922,-102.3501,13466,6918,6548,4213,8126,1127,8.39,4878,6,4320,4.17,2593
Zacatecas,El Plateado de Joaquín Amaro,El Plateado de Joaquín Amaro,21.93665,-103.09239,1579,798,781,353,877,349,6.75,571,0,978,2.97,343
Zacatecas,El Salvador,El Salvador,24.52058,-100.86783,2509,1235,1274,662,1446,401,6.93,929,2,1103,3.42,1192
Zacatecas,Fresnillo,Fresnillo,23.17489,-102.86823,240532,122765,117767,69954,153166,17225,9.22,106451,664,79248,3.74,51619
Zacatecas,Genaro Codina,Genaro Codina,22.48761,-102.45657,8168,4225,3943,2604,4770,794,7.96,2883,1,2993,3.98,1640
Zacatecas,General Enrique Estrada,General Enrique Estrada,22.99512,-102.74001,6644,3363,3281,1953,4117,574,8.71,2656,181,2487,3.66,1486
Zacatecas,General Francisco R. Murguía,Nieves,23.99467,-103.01983,20191,10417,9774,5481,12310,2383,7.92,7298,10,9048,3.73,3176
Zacatecas,General Pánfilo Natera,General Pánfilo Natera,22.66437,-102.10992,23526,12085,11441,7202,14197,2122,7.51,8717,5,8498,3.89,4874
Zacatecas,Guadalupe,Guadalupe,22.74678,-102.5188,211740,109285,102455,57345,143213,10607,11.39,104530,524,78570,3.49,35795
Zacatecas,Huanusco,Huanusco,21.77217,-102.97202,4547,2290,2257,1155,2633,759,7.39,1550,4,2391,3.35,792
Zacatecas,Jalpa,Jalpa,21.63224,-102.97583,25296,12868,12428,7270,15184,2811,8.67,10782,79,10783,3.55,5243
Zacatecas,Jerez,Jerez de García Salinas,22.6494,-102.98992,59910,30745,29165,14855,37716,7328,9.06,28452,143,27432,3.35,13518
Zacatecas,Jiménez del Teul,Jiménez del Teul,23.25411,-103.79838,4465,2255,2210,1425,2527,513,7.94,1295,4,1595,4.11,666
Zacatecas,Juan Aldama,Juan Aldama,24.29048,-103.39359,19749,10184,9565,5579,12221,1949,8.79,8640,24,8140,3.66,4496
Zacatecas,Juchipila,Juchipila,21.4115,-103.11924,12251,6364,5887,3001,7481,1767,8.93,5303,21,6724,3.14,2136
Zacatecas,Loreto,Loreto,22.27219,-101.98656,53709,27442,26267,17351,32719,3547,9.13,22732,62,16259,4.11,11029
Zacatecas,Luis Moya,Luis Moya,22.43248,-102.24925,13184,6750,6434,4151,7905,1128,8.57,4928,5,4227,4.04,3591
Zacatecas,Mazapil,Mazapil,24.6381,-101.55497,17774,8663,9111,5433,10283,2042,7.41,6529,6,6881,3.82,4210
Zacatecas,Melchor Ocampo,Melchor Ocampo,24.83172,-101.64223,2736,1281,1455,815,1652,269,7.54,948,0,1026,3.78,376
Zacatecas,Mezquital del Oro,Mezquital del Oro,21.21672,-103.3629,2451,1235,1216,653,1440,358,7.15,648,15,1283,3.33,281
Zacatecas,Miguel Auza,Miguel Auza,24.29445,-103.45145,23713,12138,11575,7720,14158,1835,8.21,9737,14,7658,4.02,5292
Zacatecas,Momax,Momax,21.92201,-103.31398,2446,1261,1185,578,1469,399,7.81,948,8,1550,3.09,568
Zacatecas,Monte Escobedo,Monte Escobedo,22.30278,-103.56164,8683,4399,4284,2133,5066,1484,7.84,3773,46,4740,3.11,2052
Zacatecas,Morelos,Morelos,22.86219,-102.60953,13207,6655,6552,3484,8677,1023,9.64,5801,47,4409,3.65,2084
Zacatecas,Moyahua de Estrada,Moyahua de Estrada,21.26559,-103.1657,4530,2312,2218,1104,2622,804,7.52,1524,9,2932,3.11,847
Zacatecas,Nochistlán de Mejía,Nochistlán de Mejía,21.36325,-102.84716,27945,14463,13482,7317,16625,3996,8.14,12514,37,14165,3.29,8438
Zacatecas,Noria de Ángeles,Maravillas,22.40153,-102.01911,16284,8384,7900,5150,9792,1331,8.07,5589,4,5220,3.95,3497
Zacatecas,Ojocaliente,Ojocaliente,22.57197,-102.25293,44144,22882,21262,14158,26566,3385,8.56,17478,58,14481,4.05,9449
Zacatecas,Pinos,Pinos,22.29884,-101.57517,72241,37485,34756,22846,42913,6458,7.85,27600,18,25505,3.75,11742
Zacatecas,Pánuco,Pozo de Gamboa,22.94667,-102.57238,17577,8797,8780,5431,10868,1278,7.67,6861,126,6036,3.71,2905
Zacatecas,Río Grande,Río Grande,23.82743,-103.03433,64535,33255,31280,17326,41271,5934,9.07,28964,91,24317,3.64,15645
Zacatecas,Sain Alto,Sain Alto,23.57983,-103.24748,21844,11201,10643,6812,12974,2058,8.08,8144,4,7789,3.97,3418
Zacatecas,Santa María de la Paz,Santa María de la Paz,21.51218,-103.40704,2767,1417,1350,717,1641,409,8,922,5,1415,3.22,411
Zacatecas,Sombrerete,Sombrerete,23.63138,-103.64134,63665,32198,31467,18390,39472,5760,8.69,27409,29,23785,3.7,15521
Zacatecas,Susticacán,Susticacán,22.61109,-103.09969,1365,701,664,329,821,215,7.59,455,1,791,3.38,332
Zacatecas,Tabasco,Tabasco,21.86528,-102.91306,16588,8481,8107,4678,10055,1854,8.1,6789,31,6640,3.66,2721
Zacatecas,Tepechitlán,Tepechitlán,21.67113,-103.32763,8321,4337,3984,2229,4916,1176,8.23,3337,15,4159,3.26,1573
Zacatecas,Tepetongo,Tepetongo,22.46126,-103.1479,6490,3284,3206,1409,3756,1325,6.94,2242,1,4169,3.14,1247
Zacatecas,Teúl de González Ortega,Teúl de González Ortega,21.46409,-103.46204,5356,2744,2612,1396,3234,725,8.62,2252,15,2627,3.23,1102
Zacatecas,Tlaltenango de Sánchez Román,Tlaltenango de Sánchez Román,21.78304,-103.30581,27302,14078,13224,7595,16912,2792,8.85,12754,489,11523,3.41,7788
Zacatecas,Trancoso,Trancoso,22.73539,-102.36604,20455,10416,10039,6570,12620,1197,8.61,8312,22,5633,4.38,2831
Zacatecas,Trinidad García de la Cadena,La Estanzuela,21.20979,-103.46487,3362,1706,1656,847,1998,511,7.7,1152,139,2048,3.11,1408
Zacatecas,Valparaíso,Valparaíso,22.7719,-103.56723,32461,16432,16029,9042,18560,4520,8.36,13555,969,15289,3.56,4911
Zacatecas,Vetagrande,Sauceda de la Borda,22.8302,-102.50264,10276,5271,5005,3104,6463,709,8.72,3790,3,3226,3.89,1639
Zacatecas,Villa García,Villa García,22.1649,-101.95632,19525,9898,9627,5816,12167,1542,9.19,8036,3,6251,3.96,4241
Zacatecas,Villa González Ortega,Villa González Ortega,22.51299,-101.91376,13208,6933,6275,4281,7759,1168,8.35,4598,2,4974,3.78,2679
Zacatecas,Villa Hidalgo,Villa Hidalgo,22.35709,-101.7126,19446,9942,9504,6365,11560,1512,8.02,6677,4,6445,3.93,3009
Zacatecas,Villa de Cos,Villa de Cos,23.29389,-102.34689,34623,17368,17255,10394,21216,2973,7.72,14398,203,12024,3.77,6588
Zacatecas,Villanueva,Villanueva,22.35426,-102.88373,31558,15968,15590,8110,19165,4281,8.08,13693,17,14138,3.47,7941
Zacatecas,Zacatecas,Zacatecas,22.7761,-102.57184,149607,77635,71972,34530,102517,12369,11.57,72513,586,54825,3.49,25350
